时间,成交价,手数,买卖盘性质
09:15:00,102.1,7,0
09:15:09,104.0,37,0
09:15:36,104.0,37,0
09:15:45,104.0,37,0
09:15:54,106.0,104,0
09:16:03,106.0,104,0
09:16:12,106.0,104,0
09:16:21,106.0,104,0
09:16:30,106.0,128,0
09:16:39,107.0,156,0
09:16:48,107.0,154,0
09:17:06,107.0,149,0
09:17:15,107.0,152,0
09:17:24,107.0,155,0
09:17:33,106.88,161,0
09:17:42,101.0,47,0
09:17:51,105.8,137,0
09:18:00,105.8,145,0
09:18:09,105.8,147,0
09:18:18,104.0,81,0
09:18:27,104.0,82,0
09:18:36,103.01,72,0
09:18:45,104.0,72,0
09:18:54,104.0,71,0
09:19:03,104.0,71,0
09:19:12,106.0,153,0
09:19:21,106.0,153,0
09:19:30,106.0,153,0
09:19:39,106.0,154,0
09:19:48,104.0,72,0
09:19:57,104.0,72,0
09:20:00,104.0,72,0
09:20:09,104.0,75,0
09:20:27,104.0,76,0
09:20:36,104.0,76,0
09:20:54,104.0,79,0
09:21:03,104.0,79,0
09:21:12,104.0,79,0
09:21:21,104.0,80,0
09:21:30,104.0,80,0
09:21:39,104.0,80,0
09:21:48,103.95,85,0
09:21:57,103.63,85,0
09:22:06,103.48,86,0
09:22:15,103.8,89,0
09:22:24,103.8,94,0
09:22:33,103.8,96,0
09:22:42,103.48,96,0
09:22:51,103.5,107,0
09:23:00,103.49,109,0
09:23:09,103.39,110,0
09:23:18,103.0,121,0
09:23:27,103.0,128,0
09:23:36,103.0,141,0
09:23:45,103.0,174,0
09:23:54,103.0,202,0
09:24:03,103.0,209,0
09:24:12,103.0,246,0
09:24:21,102.97,255,0
09:24:30,102.7,309,0
09:24:39,102.7,349,0
09:24:48,102.7,400,0
09:24:57,102.7,483,0
09:25:00,102.58,607,1
09:30:00,102.58,350,1
09:30:03,102.6,116,1
09:30:06,102.6,27,-1
09:30:09,102.5,40,-1
09:30:12,102.62,108,1
09:30:15,102.46,42,-1
09:30:18,102.1,191,-1
09:30:21,102.02,26,-1
09:30:24,102.03,54,-1
09:30:27,102.03,28,1
09:30:30,101.88,7,-1
09:30:33,101.78,24,-1
09:30:36,102.02,51,1
09:30:39,102.0,51,-1
09:30:42,102.02,49,1
09:30:45,102.0,17,-1
09:30:48,102.03,34,1
09:30:51,102.0,25,1
09:30:54,102.0,28,1
09:30:57,102.0,21,-1
09:31:00,102.02,14,1
09:31:03,102.62,45,1
09:31:06,102.03,67,-1
09:31:09,102.07,10,1
09:31:12,102.45,11,1
09:31:15,102.44,27,1
09:31:18,102.3,33,-1
09:31:21,102.3,13,1
09:31:24,102.07,27,-1
09:31:27,102.08,38,1
09:31:30,102.0,15,-1
09:31:33,102.08,64,1
09:31:36,101.8,14,-1
09:31:39,101.86,6,1
09:31:42,101.61,12,-1
09:31:45,101.62,38,1
09:31:48,101.58,7,-1
09:31:51,101.58,57,-1
09:31:54,101.58,17,-1
09:31:57,101.56,46,-1
09:32:00,101.58,7,1
09:32:03,101.22,15,-1
09:32:06,101.62,28,1
09:32:09,101.57,83,-1
09:32:12,101.79,21,1
09:32:15,101.62,15,-1
09:32:18,101.61,28,-1
09:32:21,101.8,33,1
09:32:24,101.9,27,1
09:32:27,102.0,25,1
09:32:30,102.0,43,-1
09:32:33,101.86,8,-1
09:32:36,102.0,11,1
09:32:39,102.0,56,-1
09:32:42,102.06,10,1
09:32:45,101.9,27,-1
09:32:48,102.06,28,-1
09:32:51,101.93,9,-1
09:32:54,102.0,17,1
09:32:57,101.93,15,-1
09:33:00,101.9,14,-1
09:33:03,101.93,9,-1
09:33:06,101.9,9,-1
09:33:09,101.31,33,-1
09:33:12,101.88,27,1
09:33:15,101.39,14,-1
09:33:18,101.39,27,-1
09:33:21,101.39,16,1
09:33:24,101.39,15,1
09:33:27,101.3,43,-1
09:33:30,101.83,11,1
09:33:33,101.3,9,-1
09:33:36,101.4,7,1
09:33:39,101.4,14,-1
09:33:42,101.3,49,-1
09:33:45,101.22,33,-1
09:33:48,101.3,19,1
09:33:51,101.4,28,1
09:33:54,101.4,8,-1
09:33:57,101.4,8,-1
09:34:00,101.4,85,-1
09:34:03,101.4,22,-1
09:34:06,101.3,40,-1
09:34:09,101.23,37,-1
09:34:12,101.25,17,1
09:34:15,101.23,20,-1
09:34:18,101.22,33,-1
09:34:21,101.22,71,-1
09:34:24,101.22,28,1
09:34:27,101.15,35,-1
09:34:30,101.1,5,-1
09:34:33,101.1,3,-1
09:34:36,101.01,17,-1
09:34:39,100.9,36,-1
09:34:42,100.8,8,-1
09:34:45,100.58,17,-1
09:34:48,100.61,53,1
09:34:51,100.37,11,-1
09:34:54,100.37,13,-1
09:34:57,100.3,21,-1
09:35:00,100.22,48,-1
09:35:03,100.0,120,-1
09:35:06,100.0,39,-1
09:35:09,100.01,67,-1
09:35:12,100.2,98,1
09:35:15,100.01,47,-1
09:35:18,100.01,71,-1
09:35:21,100.02,49,1
09:35:24,100.02,91,-1
09:35:27,100.01,23,-1
09:35:30,100.01,37,1
09:35:33,100.0,37,-1
09:35:36,100.0,38,1
09:35:39,100.0,42,1
09:35:42,99.99,39,1
09:35:45,99.93,17,1
09:35:48,99.93,62,1
09:35:51,99.9,46,-1
09:35:54,99.91,44,1
09:35:57,99.99,68,1
09:36:00,100.0,51,1
09:36:03,100.01,51,1
09:36:06,100.13,60,1
09:36:09,100.13,16,-1
09:36:12,100.37,20,1
09:36:15,100.58,38,1
09:36:18,100.78,41,1
09:36:21,100.58,6,-1
09:36:24,100.73,17,1
09:36:27,100.7,12,-1
09:36:30,100.58,25,-1
09:36:33,100.6,51,1
09:36:36,100.44,17,-1
09:36:39,100.25,11,-1
09:36:42,100.25,11,-1
09:36:45,100.25,53,1
09:36:48,100.23,32,-1
09:36:51,100.35,15,1
09:36:57,100.47,21,1
09:37:00,100.44,53,-1
09:37:03,100.69,6,1
09:37:06,100.7,25,1
09:37:09,100.75,6,1
09:37:12,100.72,5,-1
09:37:15,100.76,13,1
09:37:18,100.7,31,-1
09:37:21,100.72,107,1
09:37:24,100.75,12,1
09:37:27,100.75,16,-1
09:37:30,100.7,9,-1
09:37:33,100.76,9,1
09:37:36,100.5,26,-1
09:37:42,100.5,8,-1
09:37:45,100.5,16,-1
09:37:48,100.65,22,1
09:37:51,100.6,5,1
09:37:54,100.65,23,1
09:37:57,100.65,11,-1
09:38:00,100.7,14,1
09:38:03,100.6,66,-1
09:38:06,100.71,22,1
09:38:09,100.59,31,-1
09:38:12,100.63,23,1
09:38:15,100.7,17,-1
09:38:18,100.71,19,1
09:38:21,100.74,1,1
09:38:24,100.9,3,1
09:38:27,100.99,7,1
09:38:30,100.96,8,-1
09:38:33,101.03,13,1
09:38:36,101.04,3,1
09:38:39,101.03,8,-1
09:38:42,101.2,11,1
09:38:45,101.14,2,-1
09:38:48,101.14,1,-1
09:38:51,101.14,11,-1
09:38:54,101.19,6,-1
09:38:57,101.3,8,1
09:39:00,101.31,8,-1
09:39:03,101.3,16,-1
09:39:06,101.3,15,1
09:39:09,101.1,47,-1
09:39:12,101.0,8,-1
09:39:15,100.9,20,-1
09:39:18,100.71,7,-1
09:39:21,101.0,10,1
09:39:24,100.71,5,-1
09:39:27,100.88,5,1
09:39:30,100.71,16,-1
09:39:33,100.71,9,1
09:39:36,100.71,8,1
09:39:39,100.52,17,-1
09:39:42,100.55,1,1
09:39:45,100.51,34,-1
09:39:48,100.6,22,1
09:39:51,100.49,12,-1
09:39:54,100.48,7,-1
09:39:57,100.38,26,-1
09:40:00,100.38,7,1
09:40:03,100.28,8,-1
09:40:06,100.37,10,1
09:40:09,100.28,19,-1
09:40:12,100.37,23,1
09:40:15,100.3,52,-1
09:40:18,100.5,102,1
09:40:21,100.51,18,1
09:40:24,100.5,22,-1
09:40:27,100.88,16,1
09:40:30,100.94,7,1
09:40:33,100.89,13,-1
09:40:36,100.9,16,1
09:40:39,101.0,13,1
09:40:42,100.88,10,-1
09:40:45,100.88,6,1
09:40:48,100.89,12,1
09:40:51,101.0,12,1
09:40:54,101.0,6,-1
09:40:57,100.83,29,-1
09:41:00,101.0,67,1
09:41:03,101.0,2,1
09:41:06,101.03,17,1
09:41:09,101.0,11,-1
09:41:12,101.0,7,-1
09:41:18,101.0,11,-1
09:41:21,101.0,11,-1
09:41:24,100.94,11,-1
09:41:27,100.99,4,1
09:41:30,100.88,2,-1
09:41:33,100.88,1,1
09:41:36,100.88,4,1
09:41:39,100.88,23,1
09:41:42,100.88,2,1
09:41:45,100.76,11,1
09:41:48,100.88,16,1
09:41:51,100.76,9,-1
09:41:54,100.88,2,1
09:41:57,100.76,7,-1
09:42:00,100.88,4,1
09:42:03,100.78,3,-1
09:42:06,100.98,61,1
09:42:09,100.78,5,-1
09:42:18,100.98,4,-1
09:42:24,100.98,16,-1
09:42:27,100.93,9,-1
09:42:30,100.9,14,-1
09:42:33,100.98,13,1
09:42:36,100.98,2,1
09:42:39,100.98,3,-1
09:42:48,101.16,15,1
09:42:51,101.16,3,1
09:42:54,101.24,35,1
09:42:57,101.25,2,1
09:43:00,101.19,3,-1
09:43:03,101.24,49,1
09:43:06,101.0,16,-1
09:43:09,100.98,34,-1
09:43:12,100.4,64,-1
09:43:15,100.66,32,1
09:43:21,100.54,2,-1
09:43:24,100.66,1,1
09:43:27,100.54,4,-1
09:43:30,100.54,1,1
09:43:33,100.54,9,1
09:43:36,100.3,13,-1
09:43:39,100.32,36,-1
09:43:42,100.35,6,1
09:43:45,100.5,3,1
09:43:48,100.32,3,-1
09:43:51,100.31,11,-1
09:43:54,100.31,16,-1
09:43:57,100.31,4,1
09:44:00,100.3,44,-1
09:44:03,100.3,5,1
09:44:06,100.28,29,-1
09:44:09,100.3,5,1
09:44:12,100.3,24,1
09:44:18,100.31,14,1
09:44:21,100.32,7,1
09:44:24,100.18,59,-1
09:44:27,100.11,5,-1
09:44:30,100.1,19,-1
09:44:33,100.07,8,-1
09:44:36,100.11,12,1
09:44:39,100.0,54,-1
09:44:42,100.06,12,1
09:44:45,100.02,29,-1
09:44:48,100.01,47,-1
09:44:51,100.01,140,-1
09:44:54,100.0,33,-1
09:44:57,99.98,11,-1
09:45:00,99.98,7,1
09:45:03,99.85,33,-1
09:45:06,99.87,22,1
09:45:09,99.81,30,-1
09:45:12,99.87,27,1
09:45:15,99.87,86,-1
09:45:18,99.8,92,-1
09:45:21,99.77,32,-1
09:45:24,99.8,19,1
09:45:27,99.7,39,-1
09:45:30,99.68,18,-1
09:45:33,99.66,74,-1
09:45:36,99.62,2,-1
09:45:39,99.64,59,1
09:45:42,99.62,89,-1
09:45:45,99.64,112,1
09:45:48,99.64,13,1
09:45:51,99.52,144,-1
09:45:54,99.52,59,1
09:45:57,99.52,76,-1
09:46:00,99.51,117,-1
09:46:03,99.52,45,1
09:46:06,99.68,95,-1
09:46:09,99.68,17,-1
09:46:12,99.69,31,1
09:46:15,99.97,10,1
09:46:18,99.68,18,-1
09:46:21,99.97,11,1
09:46:24,99.95,2,-1
09:46:27,99.95,11,-1
09:46:30,99.98,4,1
09:46:33,99.96,6,-1
09:46:36,99.96,6,1
09:46:39,99.93,4,-1
09:46:42,99.93,34,1
09:46:45,99.95,5,1
09:46:48,99.95,8,1
09:46:51,99.81,97,-1
09:46:54,99.95,13,1
09:46:57,99.8,15,-1
09:47:00,99.8,2,1
09:47:03,99.78,11,-1
09:47:06,99.82,17,1
09:47:09,99.82,21,-1
09:47:12,99.94,6,1
09:47:15,99.96,16,1
09:47:18,99.82,21,-1
09:47:21,99.96,14,1
09:47:24,99.95,17,-1
09:47:27,99.91,8,-1
09:47:30,99.91,5,-1
09:47:33,99.91,6,1
09:47:36,99.94,11,1
09:47:39,99.95,1,1
09:47:42,99.8,29,-1
09:47:45,99.94,12,1
09:47:48,99.96,8,1
09:47:51,99.95,10,-1
09:47:54,99.94,17,-1
09:47:57,99.94,2,1
09:48:00,99.95,20,1
09:48:03,99.95,7,1
09:48:06,99.95,19,-1
09:48:09,99.81,2,-1
09:48:12,99.94,9,1
09:48:15,99.85,3,-1
09:48:18,99.85,2,-1
09:48:21,99.85,6,-1
09:48:24,99.82,16,-1
09:48:27,99.82,17,-1
09:48:30,99.8,42,-1
09:48:33,99.82,48,1
09:48:36,99.82,31,-1
09:48:39,99.83,7,1
09:48:42,99.8,12,1
09:48:45,99.8,20,1
09:48:48,99.82,18,1
09:48:51,99.83,17,1
09:48:54,99.8,17,-1
09:48:57,99.89,1,-1
09:49:00,99.95,5,1
09:49:03,99.95,8,-1
09:49:06,99.95,38,1
09:49:09,99.89,11,-1
09:49:12,100.0,38,1
09:49:15,100.0,6,1
09:49:18,100.0,18,1
09:49:21,100.0,25,-1
09:49:24,100.1,3,1
09:49:27,100.03,1,-1
09:49:30,100.03,2,-1
09:49:33,100.1,4,-1
09:49:36,100.05,6,-1
09:49:39,100.11,9,1
09:49:42,100.1,5,-1
09:49:45,100.1,13,1
09:49:48,100.11,8,1
09:49:51,100.1,5,-1
09:49:54,100.1,1,-1
09:49:57,100.41,1,1
09:50:00,100.41,6,1
09:50:03,100.41,4,1
09:50:06,100.03,10,-1
09:50:09,100.1,17,1
09:50:12,100.09,6,1
09:50:15,100.09,14,1
09:50:18,100.0,31,-1
09:50:21,99.9,39,-1
09:50:24,99.9,2,1
09:50:27,99.89,2,-1
09:50:30,99.89,5,-1
09:50:33,99.96,7,1
09:50:36,99.9,3,-1
09:50:39,99.89,1,-1
09:50:45,99.84,45,-1
09:50:48,99.84,7,-1
09:50:51,99.84,1,1
09:50:54,99.81,4,-1
09:50:57,99.79,23,-1
09:51:00,99.72,10,-1
09:51:03,99.71,31,-1
09:51:06,99.78,27,1
09:51:09,99.71,2,-1
09:51:12,99.7,18,-1
09:51:15,99.8,35,1
09:51:18,99.79,3,-1
09:51:21,99.68,18,-1
09:51:24,99.71,105,1
09:51:27,99.68,5,-1
09:51:30,99.71,21,1
09:51:33,99.67,48,-1
09:51:36,99.71,6,1
09:51:39,99.69,28,-1
09:51:45,99.69,2,1
09:51:48,99.63,25,-1
09:51:51,99.63,36,1
09:51:54,99.61,27,-1
09:51:57,99.6,29,-1
09:52:00,99.6,4,1
09:52:03,99.6,30,1
09:52:06,99.61,58,1
09:52:09,99.63,0,1
09:52:12,99.69,13,1
09:52:15,99.63,8,-1
09:52:18,99.68,11,-1
09:52:21,99.68,25,1
09:52:24,99.68,1,1
09:52:27,99.64,11,-1
09:52:30,99.68,46,1
09:52:33,99.68,2,1
09:52:36,99.66,3,-1
09:52:39,99.64,9,-1
09:52:42,99.64,9,-1
09:52:45,99.64,43,-1
09:52:48,99.65,5,1
09:52:51,99.65,6,-1
09:52:54,99.65,8,-1
09:52:57,99.61,6,-1
09:53:00,99.6,14,-1
09:53:03,99.61,27,1
09:53:06,99.78,93,1
09:53:09,99.6,18,-1
09:53:12,99.94,1,1
09:53:15,99.63,5,-1
09:53:18,99.89,3,1
09:53:24,99.89,3,1
09:53:27,99.76,2,-1
09:53:30,99.89,12,1
09:53:33,99.72,1,-1
09:53:36,99.7,16,-1
09:53:42,99.87,13,1
09:53:45,99.85,33,1
09:53:48,99.85,2,1
09:53:51,99.85,7,1
09:53:54,99.71,1,-1
09:53:57,99.85,6,1
09:54:00,99.7,16,-1
09:54:03,99.71,5,1
09:54:06,99.71,14,-1
09:54:09,99.71,45,-1
09:54:12,99.65,3,-1
09:54:15,99.61,33,-1
09:54:18,99.63,10,1
09:54:21,99.61,49,-1
09:54:24,99.61,13,-1
09:54:27,99.58,28,-1
09:54:30,99.59,14,1
09:54:33,99.58,16,-1
09:54:36,99.56,22,-1
09:54:39,99.5,46,-1
09:54:42,99.49,9,-1
09:54:45,99.33,19,-1
09:54:48,99.33,14,-1
09:54:51,99.28,25,-1
09:54:54,99.3,20,1
09:54:57,99.23,26,-1
09:55:00,99.18,26,-1
09:55:03,99.02,44,-1
09:55:06,99.02,77,-1
09:55:09,99.02,43,-1
09:55:12,99.22,91,1
09:55:15,99.11,76,-1
09:55:18,99.15,5,1
09:55:21,99.48,3,1
09:55:24,99.4,18,-1
09:55:27,99.5,25,1
09:55:30,99.5,33,1
09:55:33,99.49,9,-1
09:55:36,99.3,72,-1
09:55:39,99.3,10,1
09:55:42,99.3,48,1
09:55:45,99.28,26,-1
09:55:48,99.29,47,1
09:55:51,99.28,45,-1
09:55:54,99.26,23,-1
09:55:57,99.23,19,-1
09:56:00,99.26,20,1
09:56:03,99.2,17,1
09:56:06,99.25,84,1
09:56:09,99.26,34,-1
09:56:12,99.26,17,-1
09:56:15,99.35,51,1
09:56:18,99.4,8,1
09:56:21,99.4,1,-1
09:56:24,99.45,2,-1
09:56:27,99.46,3,1
09:56:30,99.48,2,1
09:56:33,99.48,5,-1
09:56:36,99.48,2,-1
09:56:39,99.48,2,-1
09:56:42,99.5,10,1
09:56:45,99.47,19,-1
09:56:48,99.47,1,1
09:56:51,99.47,15,1
09:56:54,99.43,15,-1
09:56:57,99.45,6,1
09:57:03,99.45,1,1
09:57:06,99.42,2,-1
09:57:09,99.4,17,-1
09:57:12,99.4,6,1
09:57:18,99.36,5,-1
09:57:21,99.36,2,1
09:57:24,99.31,10,-1
09:57:27,99.28,4,-1
09:57:30,99.26,7,-1
09:57:33,99.21,34,-1
09:57:36,99.14,47,-1
09:57:39,99.07,15,-1
09:57:42,99.2,3,1
09:57:45,99.02,29,-1
09:57:48,99.02,31,-1
09:57:51,99.02,10,-1
09:57:54,99.01,134,-1
09:57:57,99.01,26,-1
09:58:00,99.05,32,1
09:58:03,99.0,102,-1
09:58:06,99.05,101,1
09:58:09,99.0,22,1
09:58:12,98.98,21,-1
09:58:15,99.0,19,1
09:58:18,98.99,35,-1
09:58:21,98.98,47,-1
09:58:24,98.99,7,1
09:58:27,98.97,22,-1
09:58:30,98.97,14,-1
09:58:33,98.97,22,-1
09:58:36,98.95,12,-1
09:58:39,98.97,15,1
09:58:42,98.95,4,-1
09:58:45,98.93,13,-1
09:58:48,98.91,15,-1
09:58:51,98.9,11,-1
09:58:54,98.88,42,-1
09:58:57,98.88,3,1
09:59:00,98.86,16,-1
09:59:03,98.71,25,-1
09:59:06,98.8,55,-1
09:59:09,98.66,27,-1
09:59:12,98.68,35,-1
09:59:15,98.7,10,1
09:59:18,98.69,31,-1
09:59:21,98.71,44,1
09:59:24,98.69,55,1
09:59:27,98.7,17,-1
09:59:30,98.77,53,1
09:59:33,98.71,34,-1
09:59:36,98.73,405,1
09:59:39,98.66,26,-1
09:59:42,98.66,20,1
09:59:45,98.57,11,-1
09:59:48,98.58,49,1
09:59:51,98.5,41,-1
09:59:54,98.5,5,1
09:59:57,98.36,11,-1
10:00:00,98.3,34,-1
10:00:03,98.35,23,1
10:00:06,98.3,76,-1
10:00:09,98.25,79,-1
10:00:12,98.36,43,1
10:00:15,98.5,80,1
10:00:18,98.66,112,1
10:00:21,98.51,86,-1
10:00:24,98.66,99,1
10:00:27,98.72,18,1
10:00:30,98.78,45,1
10:00:33,98.88,24,1
10:00:36,98.9,62,1
10:00:39,98.93,17,1
10:00:42,99.0,42,1
10:00:45,99.05,9,1
10:00:48,99.08,13,1
10:00:51,99.18,4,1
10:00:54,99.15,16,-1
10:00:57,99.16,35,1
10:01:00,99.16,8,1
10:01:03,99.08,1,1
10:01:06,99.08,14,1
10:01:09,99.05,27,-1
10:01:12,98.96,17,-1
10:01:15,99.0,4,1
10:01:18,99.0,4,1
10:01:21,98.96,14,1
10:01:24,98.97,9,1
10:01:27,98.99,2,1
10:01:30,98.97,12,-1
10:01:33,98.97,68,-1
10:01:39,98.97,7,1
10:01:42,98.94,1,-1
10:01:45,98.96,32,1
10:01:48,98.9,11,-1
10:01:51,98.94,52,1
10:01:57,98.99,98,1
10:02:00,99.0,15,1
10:02:03,99.01,36,1
10:02:06,99.05,23,1
10:02:09,99.02,10,-1
10:02:12,99.07,2,1
10:02:15,99.02,2,-1
10:02:18,99.02,6,1
10:02:21,99.01,60,-1
10:02:24,99.05,2,1
10:02:27,99.04,5,-1
10:02:30,99.04,6,-1
10:02:33,99.04,12,1
10:02:36,99.04,2,-1
10:02:39,99.08,16,1
10:02:42,99.15,5,1
10:02:45,99.15,1,1
10:02:48,99.15,13,1
10:02:51,99.15,1,1
10:02:54,99.2,6,1
10:02:57,99.21,11,1
10:03:00,99.41,8,1
10:03:03,99.42,18,1
10:03:06,99.4,18,-1
10:03:09,99.39,4,-1
10:03:12,99.4,18,1
10:03:15,99.38,2,1
10:03:18,99.32,4,-1
10:03:21,99.25,4,-1
10:03:24,99.26,19,1
10:03:27,99.2,35,-1
10:03:30,99.19,1,-1
10:03:33,99.15,5,-1
10:03:36,99.1,4,-1
10:03:39,99.04,6,-1
10:03:45,99.0,33,-1
10:03:48,99.0,1,1
10:03:51,98.99,7,-1
10:03:54,98.99,4,1
10:03:57,98.9,1,-1
10:04:00,98.88,1,-1
10:04:03,98.85,8,-1
10:04:06,98.85,5,-1
10:04:09,98.83,13,-1
10:04:12,98.83,14,-1
10:04:15,98.83,17,-1
10:04:18,98.83,3,1
10:04:21,98.84,19,1
10:04:24,98.83,18,-1
10:04:27,98.75,12,-1
10:04:30,98.88,56,1
10:04:33,98.81,22,-1
10:04:36,98.83,6,1
10:04:39,98.8,4,-1
10:04:42,98.8,29,1
10:04:45,98.76,13,-1
10:04:48,98.76,8,1
10:04:51,98.75,3,-1
10:04:54,98.75,14,-1
10:04:57,98.75,10,-1
10:05:00,98.72,13,-1
10:05:03,98.61,43,-1
10:05:06,98.61,60,1
10:05:09,98.7,6,1
10:05:12,98.6,31,-1
10:05:15,98.62,11,1
10:05:18,98.61,9,-1
10:05:21,98.7,4,1
10:05:24,98.7,4,1
10:05:27,98.64,8,1
10:05:30,98.64,4,1
10:05:33,98.62,11,-1
10:05:36,98.63,29,-1
10:05:39,98.64,31,-1
10:05:42,98.71,7,1
10:05:48,98.73,17,1
10:05:51,98.74,21,1
10:05:54,98.74,3,1
10:05:57,98.84,20,1
10:06:00,98.88,24,1
10:06:03,98.9,3,1
10:06:06,99.0,25,1
10:06:09,99.0,23,1
10:06:12,98.97,3,-1
10:06:15,98.91,13,-1
10:06:18,99.04,23,1
10:06:21,98.9,3,-1
10:06:24,99.04,36,1
10:06:27,98.9,1,-1
10:06:30,98.89,1,-1
10:06:33,98.88,9,-1
10:06:36,98.81,2,-1
10:06:42,98.88,3,1
10:06:45,98.89,5,1
10:06:54,98.9,9,1
10:06:57,98.9,14,1
10:07:00,98.88,2,-1
10:07:03,98.9,32,1
10:07:06,98.88,5,1
10:07:09,98.9,43,1
10:07:12,98.9,4,1
10:07:15,98.73,12,-1
10:07:18,98.81,1,1
10:07:21,98.81,5,1
10:07:24,98.9,10,1
10:07:27,98.76,6,-1
10:07:30,98.8,4,1
10:07:33,98.8,8,1
10:07:36,98.82,3,1
10:07:39,98.72,11,-1
10:07:42,98.81,23,1
10:07:45,98.72,11,-1
10:07:48,98.72,5,1
10:07:51,98.76,11,1
10:07:54,98.71,5,-1
10:07:57,98.8,4,1
10:08:00,98.8,7,-1
10:08:03,98.8,13,-1
10:08:06,98.74,4,-1
10:08:09,98.79,38,1
10:08:12,98.73,28,1
10:08:15,98.71,8,-1
10:08:18,98.79,1,1
10:08:21,98.71,5,-1
10:08:24,98.71,2,-1
10:08:27,98.71,43,-1
10:08:30,98.7,5,-1
10:08:33,98.7,4,-1
10:08:36,98.7,16,-1
10:08:39,98.7,25,1
10:08:42,98.7,33,-1
10:08:45,98.7,14,-1
10:08:48,98.69,6,1
10:08:51,98.67,1,1
10:08:54,98.66,6,-1
10:08:57,98.65,14,-1
10:09:00,98.61,23,-1
10:09:03,98.57,5,-1
10:09:06,98.65,22,1
10:09:09,98.69,37,1
10:09:12,98.7,10,1
10:09:15,98.71,10,-1
10:09:18,98.79,14,1
10:09:24,98.79,18,1
10:09:27,98.75,1,-1
10:09:30,98.78,5,1
10:09:33,98.78,2,1
10:09:36,98.8,25,1
10:09:39,98.78,1,-1
10:09:42,98.8,13,1
10:09:45,98.99,6,1
10:09:48,99.0,8,1
10:09:51,99.45,33,1
10:09:54,99.45,2,1
10:09:57,99.45,1,1
10:10:00,99.49,3,1
10:10:03,99.49,2,1
10:10:06,99.49,11,-1
10:10:09,99.47,7,-1
10:10:12,99.54,22,1
10:10:15,99.54,19,-1
10:10:18,99.5,4,-1
10:10:21,99.54,19,1
10:10:24,99.58,12,-1
10:10:27,99.68,8,1
10:10:30,99.68,25,1
10:10:33,99.58,17,1
10:10:36,99.58,2,1
10:10:39,99.59,19,1
10:10:42,99.6,8,1
10:10:45,99.58,12,-1
10:10:48,99.33,9,-1
10:10:51,99.33,10,1
10:10:57,99.32,17,-1
10:11:00,99.32,8,-1
10:11:03,99.33,22,1
10:11:06,99.31,2,-1
10:11:09,99.31,4,-1
10:11:12,99.32,112,1
10:11:21,99.56,1,1
10:11:24,99.35,2,-1
10:11:27,99.35,1,1
10:11:30,99.58,34,1
10:11:33,99.66,22,1
10:11:36,99.68,4,1
10:11:39,99.69,8,1
10:11:42,99.79,6,1
10:11:45,99.72,6,-1
10:11:48,99.72,3,1
10:11:51,99.7,19,-1
10:11:54,99.72,21,1
10:11:57,99.7,25,-1
10:12:00,99.66,20,-1
10:12:03,99.65,19,-1
10:12:06,99.35,17,-1
10:12:09,99.36,1,1
10:12:12,99.33,1,1
10:12:15,99.36,1,1
10:12:18,99.35,1,-1
10:12:21,99.35,34,-1
10:12:24,99.35,3,1
10:12:27,99.24,8,-1
10:12:30,99.35,16,1
10:12:33,99.33,2,1
10:12:36,99.21,4,-1
10:12:39,99.21,4,1
10:12:42,99.21,1,1
10:12:45,99.35,11,1
10:12:48,99.05,9,-1
10:12:51,99.35,1,1
10:12:54,99.35,1,1
10:12:57,99.35,1,1
10:13:00,99.56,65,1
10:13:03,99.35,2,-1
10:13:06,99.65,6,1
10:13:12,99.59,2,-1
10:13:15,99.58,3,-1
10:13:18,99.58,4,1
10:13:21,99.59,7,1
10:13:24,99.51,2,-1
10:13:27,99.64,7,1
10:13:30,99.65,4,1
10:13:33,99.65,2,1
10:13:36,99.62,22,-1
10:13:39,99.62,5,1
10:13:45,99.6,27,-1
10:13:48,99.61,5,1
10:13:51,99.59,2,-1
10:13:54,99.6,6,1
10:13:57,99.61,9,1
10:14:00,99.54,4,-1
10:14:03,99.59,5,1
10:14:06,99.59,1,1
10:14:09,99.59,3,1
10:14:12,99.49,1,-1
10:14:15,99.48,1,-1
10:14:18,99.48,2,1
10:14:21,99.49,1,1
10:14:24,99.47,8,-1
10:14:27,99.49,7,1
10:14:30,99.49,3,-1
10:14:33,99.5,2,1
10:14:36,99.46,5,-1
10:14:39,99.5,1,1
10:14:42,99.49,1,1
10:14:45,99.49,1,1
10:14:48,99.49,7,1
10:14:51,99.49,1,1
10:14:54,99.47,1,-1
10:14:57,99.42,2,-1
10:15:00,99.49,4,1
10:15:06,99.42,5,-1
10:15:09,99.49,28,1
10:15:12,99.5,2,1
10:15:15,99.49,1,-1
10:15:18,99.5,3,1
10:15:21,99.5,4,1
10:15:27,99.48,35,-1
10:15:33,99.47,2,1
10:15:39,99.27,5,-1
10:15:42,99.27,3,1
10:15:48,99.27,2,-1
10:15:54,99.27,1,1
10:15:57,99.25,26,-1
10:16:03,99.24,1,-1
10:16:06,99.21,11,-1
10:16:12,99.05,5,-1
10:16:18,99.01,15,-1
10:16:21,99.02,6,1
10:16:27,98.97,2,-1
10:16:30,99.01,1,1
10:16:36,98.82,7,-1
10:16:42,98.96,11,1
10:16:45,98.83,4,-1
10:16:48,98.87,5,1
10:16:54,98.87,1,-1
10:16:57,98.87,1,-1
10:17:00,98.82,24,-1
10:17:03,98.81,1,-1
10:17:06,98.75,1,-1
10:17:12,98.76,5,-1
10:17:15,98.69,22,-1
10:17:18,98.68,1,-1
10:17:21,98.69,1,1
10:17:24,98.62,3,-1
10:17:27,98.63,3,1
10:17:30,98.65,6,1
10:17:33,98.63,19,-1
10:17:36,98.63,16,1
10:17:39,98.57,13,-1
10:17:45,98.6,12,1
10:17:48,98.61,3,1
10:17:51,98.57,15,-1
10:17:54,98.57,8,1
10:17:57,98.5,20,-1
10:18:00,98.5,10,1
10:18:03,98.5,5,1
10:18:06,98.5,36,1
10:18:09,98.65,6,1
10:18:12,98.76,5,1
10:18:15,98.65,1,-1
10:18:18,98.87,9,1
10:18:21,98.61,2,-1
10:18:24,98.76,1,1
10:18:27,98.96,5,1
10:18:30,98.96,6,1
10:18:33,98.65,5,-1
10:18:39,98.96,15,1
10:18:45,98.89,5,-1
10:18:54,98.69,1,-1
10:18:57,98.85,2,1
10:19:00,98.72,1,-1
10:19:03,98.71,10,-1
10:19:06,98.69,2,-1
10:19:09,98.7,2,1
10:19:12,98.69,3,-1
10:19:18,98.66,15,-1
10:19:21,98.64,4,-1
10:19:24,98.58,20,-1
10:19:27,98.62,58,1
10:19:30,98.53,3,-1
10:19:33,98.53,2,-1
10:19:36,98.52,4,-1
10:19:42,98.53,2,1
10:19:45,98.52,13,-1
10:19:48,98.58,1,1
10:19:51,98.52,7,-1
10:19:54,98.58,13,1
10:19:57,98.58,44,1
10:20:00,98.58,1,-1
10:20:03,98.59,8,1
10:20:06,98.49,9,-1
10:20:09,98.55,1,1
10:20:12,98.58,1,1
10:20:15,98.57,4,-1
10:20:18,98.57,2,1
10:20:21,98.57,3,1
10:20:27,98.57,8,1
10:20:30,98.5,5,-1
10:20:33,98.52,7,1
10:20:36,98.5,12,-1
10:20:39,98.47,19,-1
10:20:42,98.52,16,1
10:20:45,98.47,10,-1
10:20:48,98.57,11,1
10:20:51,98.64,2,1
10:20:54,98.6,16,-1
10:20:57,98.69,8,1
10:21:00,98.61,3,-1
10:21:03,98.61,7,1
10:21:06,98.61,6,1
10:21:09,98.61,4,-1
10:21:15,98.69,3,1
10:21:18,98.69,4,-1
10:21:21,98.7,3,-1
10:21:24,98.7,3,1
10:21:27,98.7,1,1
10:21:30,98.7,6,1
10:21:33,98.8,4,1
10:21:39,98.8,7,1
10:21:45,98.94,1,1
10:21:48,98.94,1,1
10:21:51,98.99,7,1
10:21:54,99.12,12,1
10:21:57,99.12,18,1
10:22:00,99.12,8,1
10:22:03,99.24,13,1
10:22:06,99.24,5,1
10:22:09,99.43,2,1
10:22:12,99.3,19,-1
10:22:15,99.3,9,-1
10:22:18,99.24,26,-1
10:22:21,99.29,14,1
10:22:24,99.24,1,-1
10:22:27,99.12,7,-1
10:22:30,99.08,5,-1
10:22:33,99.12,1,1
10:22:39,99.21,15,1
10:22:48,99.12,2,-1
10:22:54,99.2,2,1
10:23:06,99.04,1,-1
10:23:09,99.18,6,1
10:23:12,99.03,10,-1
10:23:15,99.02,1,-1
10:23:18,98.98,1,-1
10:23:24,98.81,2,-1
10:23:27,99.02,1,1
10:23:30,98.81,4,-1
10:23:33,98.81,2,1
10:23:36,98.81,1,1
10:23:42,98.8,3,-1
10:23:48,98.81,9,1
10:23:51,98.8,4,-1
10:23:54,98.8,7,1
10:23:57,98.81,1,-1
10:24:06,98.81,13,-1
10:24:15,99.0,21,1
10:24:18,99.02,1,1
10:24:21,99.1,4,1
10:24:24,99.17,27,1
10:24:30,99.2,26,1
10:24:33,99.22,3,1
10:24:36,99.3,10,1
10:24:39,99.3,1,1
10:24:45,99.5,56,1
10:24:48,99.55,7,1
10:24:51,99.62,15,1
10:24:54,99.8,21,1
10:24:57,99.7,5,-1
10:25:00,99.88,3,1
10:25:03,99.86,12,-1
10:25:09,99.65,1,-1
10:25:18,99.65,34,1
10:25:21,99.55,1,-1
10:25:24,99.76,10,1
10:25:27,99.65,6,-1
10:25:30,99.52,2,-1
10:25:33,99.5,13,-1
10:25:36,99.51,1,1
10:25:39,99.38,2,-1
10:25:42,99.51,3,1
10:25:54,99.27,4,-1
10:25:57,99.28,14,1
10:26:03,99.2,11,-1
10:26:06,99.28,3,1
10:26:09,99.28,21,-1
10:26:12,99.28,1,-1
10:26:21,99.28,30,-1
10:26:30,99.33,29,1
10:26:33,99.29,5,-1
10:26:36,99.29,3,1
10:26:42,99.29,1,1
10:26:45,99.27,1,1
10:26:48,99.27,17,1
10:26:51,99.17,6,-1
10:26:54,99.17,3,1
10:27:00,99.0,10,-1
10:27:03,99.0,1,1
10:27:09,99.0,1,1
10:27:12,98.92,4,-1
10:27:21,99.01,3,1
10:27:24,99.01,1,-1
10:27:27,99.01,1,-1
10:27:36,99.01,6,1
10:27:42,99.13,2,1
10:27:45,99.15,3,1
10:27:48,99.15,3,1
10:27:54,99.03,8,-1
10:27:57,99.06,15,1
10:28:00,99.06,1,1
10:28:03,99.01,5,-1
10:28:06,99.0,25,-1
10:28:09,98.92,14,-1
10:28:12,99.0,24,1
10:28:15,98.72,4,-1
10:28:18,99.0,1,1
10:28:21,98.99,1,1
10:28:27,98.74,2,-1
10:28:30,98.99,5,1
10:28:33,98.97,3,1
10:28:36,98.8,6,-1
10:28:42,98.92,2,1
10:28:45,98.94,7,1
10:28:48,98.69,44,-1
10:28:51,98.69,1,-1
10:28:57,98.69,14,1
10:29:00,98.62,1,-1
10:29:03,98.6,48,-1
10:29:06,98.51,15,-1
10:29:09,98.5,32,-1
10:29:12,98.51,10,1
10:29:15,98.51,1,1
10:29:18,98.51,1,1
10:29:21,98.5,44,-1
10:29:24,98.5,19,-1
10:29:27,98.45,7,-1
10:29:30,98.45,4,-1
10:29:33,98.45,1,-1
10:29:36,98.41,13,-1
10:29:39,98.49,3,1
10:29:42,98.41,4,-1
10:29:45,98.45,3,-1
10:29:48,98.39,13,-1
10:29:51,98.41,2,1
10:29:54,98.38,21,-1
10:29:57,98.39,2,1
10:30:00,98.4,20,1
10:30:03,98.39,4,1
10:30:06,98.41,14,1
10:30:09,98.44,4,1
10:30:12,98.44,8,1
10:30:15,98.46,5,-1
10:30:18,98.46,2,-1
10:30:21,98.42,3,-1
10:30:24,98.49,2,-1
10:30:27,98.66,7,1
10:30:30,98.46,6,-1
10:30:33,98.4,29,-1
10:30:36,98.36,23,-1
10:30:39,98.3,25,-1
10:30:42,98.26,39,-1
10:30:45,98.23,27,-1
10:30:48,98.18,24,-1
10:30:51,98.05,45,-1
10:30:54,98.06,1,1
10:30:57,98.0,145,-1
10:31:00,97.96,50,-1
10:31:03,97.8,23,-1
10:31:06,98.0,5,1
10:31:09,97.8,34,-1
10:31:12,97.8,8,-1
10:31:15,97.78,12,-1
10:31:18,97.8,33,1
10:31:21,97.8,7,1
10:31:24,97.8,42,1
10:31:27,97.8,22,1
10:31:30,97.8,23,-1
10:31:33,97.8,17,1
10:31:36,97.78,5,-1
10:31:39,97.75,46,-1
10:31:42,97.75,7,-1
10:31:45,97.75,27,-1
10:31:48,97.71,29,-1
10:31:51,97.7,10,-1
10:31:54,97.7,6,-1
10:31:57,97.7,2,1
10:32:00,97.68,17,-1
10:32:03,97.67,11,-1
10:32:06,97.51,13,-1
10:32:09,97.51,65,-1
10:32:12,97.68,20,1
10:32:15,97.68,7,1
10:32:18,97.68,19,1
10:32:21,97.68,12,1
10:32:24,97.65,13,-1
10:32:27,97.75,28,1
10:32:30,97.74,100,-1
10:32:33,97.75,42,1
10:32:36,97.8,147,1
10:32:39,97.9,5,1
10:32:42,97.9,4,1
10:32:45,98.0,7,1
10:32:48,98.0,6,1
10:32:51,98.22,9,1
10:32:54,98.38,1,1
10:32:57,98.23,10,-1
10:33:00,98.23,15,1
10:33:03,98.22,5,-1
10:33:06,98.1,2,-1
10:33:09,98.21,13,1
10:33:15,97.9,13,-1
10:33:18,97.99,3,1
10:33:21,97.83,2,-1
10:33:27,97.84,3,-1
10:33:30,97.83,37,-1
10:33:33,97.82,5,-1
10:33:36,97.8,6,-1
10:33:39,97.82,20,1
10:33:42,97.82,8,1
10:33:45,97.83,2,1
10:33:48,97.82,8,-1
10:33:51,97.82,22,-1
10:33:57,97.85,3,1
10:34:00,97.85,4,1
10:34:03,97.85,7,1
10:34:06,97.82,13,-1
10:34:09,97.85,7,-1
10:34:15,97.85,3,-1
10:34:18,97.83,16,-1
10:34:21,97.83,5,1
10:34:24,97.97,12,1
10:34:27,97.97,10,1
10:34:33,97.98,10,1
10:34:36,97.98,9,1
10:34:39,97.98,1,1
10:34:42,97.98,1,-1
10:34:45,97.99,1,1
10:34:48,97.99,36,1
10:34:51,98.0,25,1
10:34:54,98.02,17,1
10:34:57,97.84,41,-1
10:35:00,98.0,3,1
10:35:06,98.0,65,1
10:35:12,98.18,4,1
10:35:15,98.0,5,-1
10:35:18,98.18,2,1
10:35:21,98.0,1,-1
10:35:24,98.0,10,-1
10:35:27,98.18,6,1
10:35:33,98.18,12,1
10:35:36,98.18,2,1
10:35:39,98.18,3,1
10:35:42,98.19,6,1
10:35:45,98.38,11,1
10:35:51,98.51,6,1
10:35:54,98.51,2,-1
10:35:57,98.74,3,1
10:36:00,98.74,1,1
10:36:03,98.76,6,1
10:36:06,98.74,7,-1
10:36:09,98.76,112,1
10:36:15,98.75,6,-1
10:36:18,98.75,24,-1
10:36:21,98.73,34,-1
10:36:24,98.73,1,-1
10:36:27,98.74,111,1
10:36:30,98.7,1,1
10:36:39,98.7,1,1
10:36:42,98.73,2,1
10:36:45,98.71,2,-1
10:36:48,98.53,3,-1
10:37:00,98.7,12,1
10:37:03,98.7,1,-1
10:37:06,98.7,1,-1
10:37:09,98.9,7,1
10:37:12,98.92,4,1
10:37:15,98.75,1,-1
10:37:21,98.93,4,1
10:37:24,98.92,3,-1
10:37:27,98.99,108,1
10:37:30,98.81,5,-1
10:37:33,99.0,5,1
10:37:42,99.03,28,1
10:37:45,99.01,2,-1
10:37:48,99.01,52,-1
10:37:51,99.19,22,1
10:37:54,99.01,53,-1
10:37:57,99.0,1,-1
10:38:00,99.0,3,1
10:38:03,99.0,2,1
10:38:06,98.99,2,-1
10:38:09,99.0,10,1
10:38:12,98.99,1,1
10:38:18,98.76,31,-1
10:38:21,99.0,1,1
10:38:24,98.77,1,-1
10:38:30,98.77,3,1
10:38:33,98.78,1,-1
10:38:39,98.7,105,-1
10:38:42,98.97,1,1
10:38:45,98.7,2,-1
10:38:48,98.75,1,1
10:38:51,98.77,1,-1
10:38:54,98.78,1,1
10:38:57,98.78,8,1
10:39:00,98.78,1,-1
10:39:03,98.78,5,-1
10:39:06,98.8,4,-1
10:39:09,98.8,1,-1
10:39:15,98.78,1,1
10:39:21,98.77,1,-1
10:39:24,98.78,8,1
10:39:27,98.78,2,-1
10:39:36,98.72,1,-1
10:39:39,98.78,4,1
10:39:42,98.78,5,-1
10:39:45,98.9,14,1
10:39:48,98.78,6,-1
10:39:51,98.89,5,1
10:39:54,98.89,3,-1
10:39:57,98.89,15,-1
10:40:03,98.96,4,1
10:40:06,98.87,19,-1
10:40:09,99.01,74,1
10:40:12,99.02,1,1
10:40:18,99.01,37,-1
10:40:21,99.05,4,1
10:40:24,99.05,22,1
10:40:27,98.93,6,-1
10:40:30,99.02,6,1
10:40:33,99.01,8,1
10:40:36,98.89,2,-1
10:40:39,98.77,6,-1
10:40:42,98.85,1,-1
10:40:45,98.77,1,-1
10:40:48,98.77,9,-1
10:40:51,98.71,4,-1
10:40:57,98.7,5,-1
10:41:00,98.71,6,1
10:41:03,98.7,3,-1
10:41:06,98.72,1,-1
10:41:09,98.72,1,-1
10:41:12,98.71,17,-1
10:41:15,98.71,2,1
10:41:18,98.76,4,1
10:41:21,98.7,12,-1
10:41:24,98.76,2,1
10:41:36,98.76,5,-1
10:41:42,98.7,2,-1
10:41:45,98.73,4,1
10:41:48,98.73,1,1
10:41:54,98.7,1,1
10:41:57,98.7,1,1
10:42:00,98.73,5,1
10:42:03,98.73,1,1
10:42:06,98.73,2,1
10:42:09,98.7,3,-1
10:42:15,98.62,2,-1
10:42:18,98.68,10,1
10:42:21,98.62,3,-1
10:42:24,98.7,1,1
10:42:27,98.7,4,1
10:42:33,98.6,10,-1
10:42:39,98.59,3,-1
10:42:42,98.6,6,1
10:42:45,98.6,1,1
10:42:48,98.59,30,-1
10:42:54,98.59,6,-1
10:42:57,98.6,5,1
10:43:00,98.6,1,-1
10:43:03,98.63,1,1
10:43:06,98.6,15,-1
10:43:09,98.67,4,1
10:43:12,98.64,1,-1
10:43:15,98.63,10,-1
10:43:18,98.68,6,1
10:43:24,98.68,2,-1
10:43:27,98.7,4,1
10:43:30,98.71,9,-1
10:43:39,98.74,1,1
10:43:42,98.74,1,1
10:43:45,98.74,13,1
10:43:48,98.74,3,1
10:43:51,98.74,12,1
10:43:54,98.74,1,1
10:43:57,98.74,8,-1
10:44:09,98.76,1,1
10:44:12,98.77,10,1
10:44:15,98.77,1,-1
10:44:18,98.73,11,-1
10:44:21,98.71,35,-1
10:44:24,98.74,5,1
10:44:27,98.74,1,1
10:44:30,98.71,1,-1
10:44:33,98.68,18,-1
10:44:36,98.63,24,-1
10:44:42,98.63,1,-1
10:44:48,98.59,6,-1
10:44:51,98.55,2,-1
10:44:57,98.52,7,-1
10:45:00,98.52,2,-1
10:45:03,98.5,14,-1
10:45:12,98.32,5,-1
10:45:15,98.31,7,-1
10:45:21,98.19,16,-1
10:45:24,98.3,2,1
10:45:33,98.3,3,1
10:45:39,98.22,2,-1
10:45:42,98.22,1,1
10:45:45,98.22,3,1
10:45:48,98.21,6,-1
10:45:54,98.22,15,1
10:46:00,98.21,42,-1
10:46:03,98.22,7,1
10:46:06,98.23,5,1
10:46:09,98.2,2,-1
10:46:12,98.18,2,-1
10:46:15,98.23,7,1
10:46:18,98.18,1,-1
10:46:21,98.11,10,-1
10:46:24,98.29,3,1
10:46:27,98.29,6,-1
10:46:33,98.17,1,1
10:46:36,98.17,3,1
10:46:39,98.13,1,-1
10:46:42,98.17,1,1
10:46:48,98.1,4,-1
10:46:51,98.09,2,-1
10:46:54,98.1,4,1
10:46:57,98.05,9,-1
10:47:00,98.04,2,-1
10:47:03,98.05,33,1
10:47:06,98.04,7,-1
10:47:09,98.04,6,1
10:47:12,98.03,37,-1
10:47:21,98.03,23,-1
10:47:24,98.03,13,1
10:47:27,98.01,11,-1
10:47:30,98.03,5,1
10:47:33,98.03,7,1
10:47:36,98.01,15,-1
10:47:39,98.03,1,-1
10:47:45,98.0,60,-1
10:47:48,98.0,5,1
10:47:54,97.98,27,-1
10:47:57,97.96,17,-1
10:48:00,97.96,6,-1
10:48:03,97.96,7,-1
10:48:06,97.96,11,1
10:48:09,97.95,7,-1
10:48:12,97.95,2,1
10:48:15,97.88,25,-1
10:48:18,97.88,5,-1
10:48:21,97.87,4,-1
10:48:27,97.86,15,-1
10:48:30,97.81,3,-1
10:48:33,97.79,3,-1
10:48:36,97.8,21,1
10:48:39,97.8,6,1
10:48:42,97.8,1,-1
10:48:45,97.74,4,1
10:48:48,97.74,1,1
10:48:51,97.73,9,-1
10:48:54,97.73,1,1
10:48:57,97.6,62,-1
10:49:00,97.6,16,1
10:49:03,97.6,6,1
10:49:06,97.6,15,1
10:49:09,97.72,8,1
10:49:12,97.6,4,-1
10:49:15,97.62,4,1
10:49:18,97.73,17,-1
10:49:21,97.86,3,1
10:49:24,97.86,1,1
10:49:27,97.95,13,1
10:49:30,97.96,10,1
10:49:33,98.0,20,1
10:49:36,98.11,6,1
10:49:39,98.0,1,1
10:49:42,98.0,1,-1
10:49:45,98.0,2,-1
10:49:54,98.0,6,-1
10:49:57,98.0,5,1
10:50:00,98.0,8,-1
10:50:03,97.95,31,-1
10:50:06,98.01,49,1
10:50:09,98.01,2,-1
10:50:12,98.01,2,-1
10:50:15,98.0,38,-1
10:50:18,98.01,9,1
10:50:21,97.99,8,-1
10:50:24,97.95,2,-1
10:50:30,98.0,20,1
10:50:33,98.0,1,-1
10:50:36,97.87,2,-1
10:50:39,97.85,2,-1
10:50:42,97.86,5,1
10:50:45,97.85,14,1
10:50:48,97.86,6,1
10:50:51,97.86,5,1
10:50:54,97.87,7,1
10:50:57,97.86,9,-1
10:51:00,97.88,1,1
10:51:03,97.89,4,1
10:51:12,97.5,177,-1
10:51:15,98.05,5,1
10:51:21,98.1,10,1
10:51:24,98.11,3,1
10:51:27,98.15,17,1
10:51:30,98.05,25,-1
10:51:36,97.91,1,-1
10:51:39,98.02,1,1
10:51:42,98.03,1,1
10:51:45,98.04,5,1
10:51:48,98.04,8,-1
10:51:51,98.0,1,1
10:51:54,98.0,8,1
10:52:00,97.91,1,-1
10:52:03,97.88,14,-1
10:52:06,97.85,1,-1
10:52:12,97.85,1,1
10:52:15,97.66,3,-1
10:52:18,97.67,1,1
10:52:21,97.67,1,1
10:52:24,97.67,1,1
10:52:27,97.67,1,1
10:52:30,97.66,8,-1
10:52:33,97.66,6,-1
10:52:36,97.66,2,1
10:52:39,97.63,1,-1
10:52:42,97.59,2,-1
10:52:45,97.57,4,-1
10:52:48,97.55,1,-1
10:52:51,97.55,3,1
10:52:54,97.5,5,-1
10:52:57,97.43,7,-1
10:53:00,97.41,6,-1
10:53:03,97.36,10,-1
10:53:06,97.27,64,-1
10:53:09,97.4,10,1
10:53:12,97.43,7,1
10:53:15,97.57,12,1
10:53:18,97.57,23,1
10:53:21,97.56,13,-1
10:53:24,97.56,42,1
10:53:27,97.56,4,-1
10:53:30,97.67,9,1
10:53:39,97.66,8,-1
10:53:42,97.66,4,-1
10:53:45,97.67,2,1
10:53:48,97.69,31,1
10:53:51,97.8,1,1
10:53:54,97.69,1,-1
10:53:57,97.69,10,-1
10:54:03,97.69,17,1
10:54:09,97.69,1,1
10:54:12,97.66,5,-1
10:54:15,97.58,1,-1
10:54:21,97.58,4,-1
10:54:27,97.58,3,-1
10:54:30,97.58,2,-1
10:54:33,97.59,6,1
10:54:36,97.58,12,-1
10:54:39,97.58,39,-1
10:54:42,97.57,8,-1
10:54:45,97.62,10,1
10:54:48,97.67,8,1
10:54:51,97.66,1,-1
10:54:54,97.66,7,-1
10:54:57,97.66,2,1
10:55:03,97.59,9,-1
10:55:12,97.96,1,1
10:55:27,97.85,2,1
10:55:33,98.0,72,1
10:55:42,97.94,1,-1
10:55:51,97.98,4,1
10:55:54,97.98,3,-1
10:55:57,97.94,1,-1
10:56:06,97.94,6,-1
10:56:15,97.88,1,-1
10:56:21,97.87,1,-1
10:56:24,97.88,1,-1
10:56:33,97.75,13,-1
10:56:36,97.8,9,1
10:56:45,97.88,5,1
10:56:54,98.0,102,1
10:57:00,98.0,15,-1
10:57:03,98.0,29,1
10:57:06,98.05,2,1
10:57:18,98.05,5,1
10:57:21,97.88,3,-1
10:57:27,98.05,3,1
10:57:30,98.02,2,-1
10:57:39,97.97,1,-1
10:57:42,98.0,10,1
10:57:54,97.77,1,-1
10:58:06,97.79,2,-1
10:58:09,97.78,1,-1
10:58:27,97.78,1,-1
10:58:30,97.77,1,-1
10:58:33,97.78,2,1
10:58:36,97.99,6,1
10:58:39,97.78,2,-1
10:58:45,98.0,8,1
10:58:48,97.66,135,-1
10:58:51,97.66,19,1
10:58:57,97.66,4,1
10:59:00,97.78,1,1
10:59:03,97.66,8,-1
10:59:12,97.9,1,1
10:59:18,97.6,30,-1
10:59:21,97.6,1,1
10:59:24,97.6,1,1
10:59:30,97.56,10,-1
10:59:39,97.59,1,1
10:59:45,97.56,2,-1
10:59:48,97.56,5,-1
10:59:51,97.56,7,-1
10:59:54,97.56,1,1
11:00:03,97.56,12,1
11:00:06,97.51,10,-1
11:00:09,97.54,8,1
11:00:15,97.52,1,-1
11:00:18,97.52,5,-1
11:00:21,97.51,8,-1
11:00:24,97.5,7,-1
11:00:27,97.51,2,1
11:00:30,97.51,11,1
11:00:33,97.53,35,1
11:00:36,97.52,51,-1
11:00:39,97.52,16,-1
11:00:42,97.52,1,-1
11:00:45,97.52,8,-1
11:00:48,97.52,3,1
11:00:51,97.51,2,-1
11:00:54,97.55,1,1
11:00:57,97.6,99,1
11:01:00,97.6,18,1
11:01:09,97.71,9,1
11:01:21,97.85,1,1
11:01:24,97.85,2,1
11:01:27,97.85,5,-1
11:01:30,97.86,6,1
11:01:33,97.85,1,-1
11:01:39,97.94,21,1
11:01:45,97.95,4,1
11:01:48,97.95,1,1
11:01:54,97.89,1,-1
11:02:00,97.94,6,1
11:02:09,97.88,3,-1
11:02:15,97.89,2,-1
11:02:18,97.9,1,1
11:02:21,97.9,2,1
11:02:30,97.86,2,-1
11:02:36,97.86,1,1
11:02:45,97.86,1,1
11:02:51,97.86,37,1
11:02:54,97.94,17,1
11:02:57,97.9,1,-1
11:03:00,97.87,4,-1
11:03:03,97.95,1,1
11:03:06,98.04,49,1
11:03:09,98.04,58,1
11:03:12,98.05,10,1
11:03:15,98.05,5,1
11:03:21,98.06,4,-1
11:03:24,98.08,5,1
11:03:30,98.3,2,1
11:03:33,98.47,1,1
11:03:36,98.55,5,1
11:03:39,98.5,5,-1
11:03:45,98.5,1,1
11:03:48,98.49,1,1
11:03:51,98.48,1,-1
11:03:57,98.47,1,-1
11:04:06,98.27,2,-1
11:04:09,98.27,1,1
11:04:12,98.27,1,1
11:04:15,98.24,19,-1
11:04:24,98.25,33,1
11:04:27,98.25,17,-1
11:04:36,98.09,1,-1
11:04:48,98.09,1,1
11:04:51,98.07,34,-1
11:04:54,98.08,14,1
11:04:57,98.02,14,-1
11:05:03,98.08,2,1
11:05:06,98.0,5,-1
11:05:09,98.27,25,1
11:05:15,98.28,1,1
11:05:21,98.47,6,1
11:05:24,98.45,1,-1
11:05:27,98.27,1,-1
11:05:42,98.4,1,-1
11:05:45,98.39,5,-1
11:05:57,98.38,4,-1
11:06:00,98.02,27,-1
11:06:03,98.43,11,1
11:06:06,98.38,3,-1
11:06:09,98.4,1,1
11:06:15,98.38,7,-1
11:06:18,98.38,4,-1
11:06:21,98.15,7,-1
11:06:27,98.15,16,-1
11:06:57,98.18,1,-1
11:07:00,98.0,95,-1
11:07:12,98.04,1,-1
11:07:18,98.06,1,-1
11:07:30,98.05,1,-1
11:07:36,98.06,2,-1
11:07:42,98.06,5,1
11:07:45,98.06,7,1
11:07:51,98.08,3,-1
11:07:57,98.08,1,1
11:08:03,98.07,2,-1
11:08:06,98.08,2,1
11:08:09,98.07,2,-1
11:08:12,98.08,3,1
11:08:21,98.23,1,1
11:08:27,98.23,4,1
11:08:30,98.23,1,-1
11:08:39,98.18,1,1
11:08:45,98.08,1,-1
11:08:51,98.08,1,-1
11:08:54,98.08,1,1
11:09:06,98.0,42,-1
11:09:09,98.0,9,1
11:09:24,98.18,22,1
11:09:27,98.1,1,-1
11:09:30,98.1,1,-1
11:09:39,98.1,1,-1
11:09:45,98.21,3,1
11:09:51,98.21,2,1
11:09:57,98.17,1,1
11:10:09,98.27,2,1
11:10:12,98.27,1,-1
11:10:24,98.26,1,1
11:10:33,98.12,2,-1
11:10:51,98.12,2,-1
11:10:54,98.11,1,-1
11:11:00,98.0,59,-1
11:11:03,98.0,38,1
11:11:09,98.0,2,-1
11:11:18,98.0,3,1
11:11:27,98.0,1,-1
11:11:39,98.1,4,1
11:11:42,98.03,20,-1
11:11:45,98.03,1,1
11:11:48,98.03,1,1
11:11:54,98.03,1,1
11:11:57,98.05,1,1
11:12:03,98.05,1,1
11:12:06,98.12,1,1
11:12:12,98.1,1,-1
11:12:18,98.1,1,1
11:12:21,98.09,6,-1
11:12:24,98.09,2,1
11:12:27,98.09,2,1
11:12:33,98.09,2,1
11:12:42,98.15,16,1
11:12:45,98.06,2,-1
11:12:51,98.2,2,1
11:12:54,98.05,3,-1
11:13:15,98.01,13,-1
11:13:18,98.01,43,1
11:13:21,98.01,2,1
11:13:30,98.0,2,-1
11:13:33,98.0,1,-1
11:13:39,98.01,9,1
11:13:57,98.0,4,-1
11:14:09,97.9,4,-1
11:14:12,97.89,25,-1
11:14:33,97.9,1,-1
11:14:48,97.9,3,-1
11:14:57,97.9,41,1
11:15:09,97.88,31,1
11:15:12,97.71,14,-1
11:15:27,97.62,4,-1
11:15:30,97.71,5,1
11:15:36,97.5,19,-1
11:15:45,97.79,11,1
11:15:48,97.51,6,-1
11:15:51,97.5,20,-1
11:15:57,97.52,18,-1
11:16:00,97.66,4,1
11:16:03,97.66,3,1
11:16:12,97.67,2,-1
11:16:18,97.69,2,1
11:16:21,97.79,2,1
11:16:27,97.78,3,-1
11:16:33,97.79,2,-1
11:16:36,97.8,2,1
11:16:45,97.83,2,1
11:16:57,97.85,1,1
11:17:03,97.83,2,-1
11:17:06,97.83,1,1
11:17:09,97.83,9,1
11:17:12,97.83,3,-1
11:17:18,97.86,1,1
11:17:21,97.84,4,-1
11:17:24,97.86,1,1
11:17:27,97.86,1,1
11:17:30,97.89,1,1
11:17:42,97.93,6,1
11:17:48,97.93,4,1
11:17:51,97.87,8,-1
11:17:54,97.84,1,-1
11:17:57,97.87,2,1
11:18:00,97.84,4,-1
11:18:03,97.83,10,-1
11:18:06,97.81,8,-1
11:18:09,97.79,1,-1
11:18:12,97.83,18,1
11:18:18,97.84,10,1
11:18:24,97.79,2,-1
11:18:27,97.79,2,-1
11:18:30,97.79,1,-1
11:18:36,97.83,2,1
11:18:39,97.71,1,-1
11:18:45,97.78,1,1
11:18:51,97.78,1,-1
11:18:54,97.69,12,-1
11:19:03,97.61,5,-1
11:19:06,97.6,2,-1
11:19:12,97.55,2,-1
11:19:15,97.55,2,-1
11:19:18,97.55,68,-1
11:19:21,97.61,1,1
11:19:24,97.55,80,-1
11:19:30,97.57,9,-1
11:19:33,97.57,2,1
11:19:36,97.65,1,1
11:19:39,97.59,3,-1
11:19:42,97.58,1,-1
11:19:45,97.5,74,-1
11:19:48,97.5,54,1
11:19:51,97.59,1,1
11:19:54,97.6,1,-1
11:19:57,97.5,8,-1
11:20:06,97.51,18,-1
11:20:09,97.52,1,1
11:20:12,97.5,49,-1
11:20:18,97.49,5,1
11:20:21,97.45,3,-1
11:20:24,97.42,16,-1
11:20:27,97.41,20,-1
11:20:30,97.41,13,-1
11:20:36,97.41,7,-1
11:20:39,97.5,4,1
11:20:42,97.3,100,-1
11:20:48,97.39,5,-1
11:20:57,97.41,3,1
11:21:00,97.41,2,1
11:21:06,97.41,6,-1
11:21:09,97.47,25,1
11:21:12,97.46,6,-1
11:21:15,97.46,1,-1
11:21:27,97.51,1,1
11:21:30,97.59,7,1
11:21:36,97.5,1,1
11:21:39,97.5,3,1
11:21:45,97.5,1,-1
11:22:00,97.5,1,-1
11:22:03,97.5,1,-1
11:22:06,97.47,7,-1
11:22:12,97.47,2,-1
11:22:15,97.47,1,-1
11:22:18,97.47,10,-1
11:22:21,97.48,5,1
11:22:24,97.44,27,-1
11:22:27,97.49,15,1
11:22:42,97.48,2,-1
11:22:45,97.48,1,1
11:22:48,97.43,7,-1
11:22:51,97.43,3,1
11:22:57,97.39,16,-1
11:23:03,97.33,1,-1
11:23:09,97.33,9,-1
11:23:12,97.41,4,1
11:23:15,97.36,6,-1
11:23:18,97.36,4,-1
11:23:21,97.36,2,1
11:23:24,97.41,8,1
11:23:27,97.35,1,-1
11:23:30,97.37,2,-1
11:23:36,97.41,2,1
11:23:39,97.37,4,-1
11:23:42,97.41,26,1
11:23:45,97.35,9,-1
11:23:48,97.43,14,1
11:23:51,97.43,2,1
11:23:54,97.48,1,1
11:23:57,97.41,3,-1
11:24:00,97.39,4,-1
11:24:03,97.41,2,1
11:24:06,97.41,1,-1
11:24:12,97.3,41,-1
11:24:27,97.31,1,-1
11:24:30,97.31,1,-1
11:24:36,97.35,2,-1
11:24:39,97.35,5,-1
11:24:48,97.35,3,1
11:24:51,97.31,5,-1
11:24:54,97.35,3,1
11:24:57,97.31,2,-1
11:25:00,97.26,34,-1
11:25:06,97.31,2,1
11:25:09,97.29,17,-1
11:25:15,97.28,5,-1
11:25:18,97.23,31,-1
11:25:21,97.25,11,-1
11:25:24,97.26,10,-1
11:25:27,97.3,1,1
11:25:30,97.29,5,-1
11:25:33,97.29,1,1
11:25:36,97.29,5,1
11:25:39,97.25,4,-1
11:25:42,97.26,17,1
11:25:45,97.29,13,1
11:25:48,97.26,5,-1
11:25:51,97.27,1,1
11:25:54,97.26,33,-1
11:25:57,97.26,4,1
11:26:00,97.26,6,1
11:26:03,97.25,2,-1
11:26:06,97.25,9,-1
11:26:09,97.25,5,-1
11:26:12,97.26,2,1
11:26:15,97.25,6,-1
11:26:18,97.25,5,1
11:26:21,97.25,8,1
11:26:24,97.24,7,-1
11:26:27,97.24,8,-1
11:26:30,97.24,6,1
11:26:33,97.21,15,-1
11:26:39,97.2,24,-1
11:26:42,97.2,8,1
11:26:45,97.19,17,-1
11:26:48,97.19,25,-1
11:26:51,97.19,10,1
11:26:54,97.16,3,1
11:26:57,97.12,3,-1
11:27:00,97.1,14,-1
11:27:03,97.08,21,-1
11:27:06,97.08,15,-1
11:27:09,97.09,11,1
11:27:12,97.08,15,-1
11:27:15,97.1,83,1
11:27:18,97.13,38,1
11:27:21,97.05,53,-1
11:27:24,97.12,40,1
11:27:27,97.21,4,1
11:27:30,97.12,1,-1
11:27:33,97.12,2,-1
11:27:36,97.19,1,1
11:27:39,97.1,11,-1
11:27:42,97.18,1,1
11:27:45,97.18,17,1
11:27:48,97.18,4,1
11:27:51,97.2,28,1
11:27:54,97.21,4,1
11:27:57,97.19,20,-1
11:28:00,97.19,1,1
11:28:03,97.19,1,1
11:28:06,97.19,14,1
11:28:09,97.3,4,1
11:28:12,97.48,4,1
11:28:30,97.34,3,-1
11:28:33,97.32,6,1
11:28:42,97.32,1,-1
11:28:45,97.41,1,1
11:28:48,97.32,1,-1
11:28:51,97.32,8,-1
11:29:00,97.32,3,-1
11:29:03,97.4,1,1
11:29:06,97.4,29,1
11:29:12,97.4,1,1
11:29:15,97.4,14,1
11:29:18,97.4,31,-1
11:29:24,97.37,5,-1
11:29:27,97.4,5,1
11:29:30,97.4,1,1
11:29:33,97.4,5,1
11:29:36,97.4,16,1
11:29:39,97.4,2,1
11:29:42,97.37,2,-1
11:29:45,97.4,1,1
11:29:51,97.4,9,1
13:00:00,97.37,24,-1
13:00:15,97.39,4,1
13:00:27,97.36,6,-1
13:00:33,97.36,3,-1
13:00:39,97.36,1,1
13:00:42,97.39,6,1
13:00:45,97.42,3,1
13:00:48,97.41,2,-1
13:00:54,97.46,10,1
13:01:00,97.45,2,-1
13:01:03,97.48,5,1
13:01:06,97.48,5,1
13:01:09,97.42,22,-1
13:01:12,97.42,1,-1
13:01:15,97.43,5,1
13:01:18,97.42,6,-1
13:01:24,97.42,3,-1
13:01:27,97.42,10,-1
13:01:33,97.42,13,-1
13:01:36,97.4,30,-1
13:01:39,97.36,4,-1
13:01:42,97.36,7,-1
13:01:45,97.36,12,-1
13:01:48,97.36,1,-1
13:01:54,97.29,4,-1
13:01:57,97.38,5,1
13:02:00,97.4,8,1
13:02:03,97.33,2,-1
13:02:09,97.39,2,-1
13:02:12,97.39,2,-1
13:02:18,97.4,1,-1
13:02:24,97.42,2,1
13:02:27,97.4,5,-1
13:02:33,97.41,1,-1
13:02:39,97.41,1,1
13:02:42,97.41,21,1
13:03:03,97.37,1,-1
13:03:09,97.37,1,1
13:03:12,97.36,3,-1
13:03:15,97.33,35,-1
13:03:24,97.36,9,1
13:03:30,97.4,3,1
13:03:36,97.39,1,1
13:03:39,97.32,1,-1
13:03:48,97.32,2,-1
13:03:54,97.39,3,1
13:04:03,97.38,1,-1
13:04:09,97.38,1,1
13:04:12,97.4,9,1
13:04:15,97.39,4,-1
13:04:21,97.41,1,1
13:04:24,97.4,7,-1
13:04:27,97.41,1,1
13:04:30,97.42,8,1
13:04:33,97.42,1,-1
13:04:36,97.4,4,-1
13:04:42,97.46,4,1
13:04:45,97.48,4,1
13:04:51,97.46,5,-1
13:04:54,97.46,1,1
13:05:00,97.46,1,1
13:05:03,97.48,3,1
13:05:09,97.48,1,1
13:05:15,97.46,1,-1
13:05:18,97.45,6,-1
13:05:24,97.44,2,-1
13:05:27,97.45,1,1
13:05:30,97.44,6,-1
13:05:33,97.44,1,1
13:05:36,97.43,1,-1
13:05:45,97.43,3,1
13:05:51,97.43,3,1
13:05:57,97.42,2,-1
13:06:00,97.43,2,1
13:06:03,97.43,4,1
13:06:06,97.44,4,1
13:06:09,97.48,14,1
13:06:12,97.5,6,1
13:06:15,97.5,1,1
13:06:21,97.64,7,1
13:06:24,97.52,5,-1
13:06:27,97.53,1,1
13:06:33,97.62,3,1
13:06:39,97.63,4,1
13:06:42,97.63,1,-1
13:06:48,97.65,6,1
13:06:51,97.63,4,-1
13:06:54,97.62,4,1
13:06:57,97.67,3,1
13:07:00,97.67,12,-1
13:07:03,97.67,9,-1
13:07:06,97.64,1,-1
13:07:15,97.62,3,1
13:07:18,97.63,2,1
13:07:24,97.63,1,1
13:07:27,97.57,1,-1
13:07:30,97.5,15,-1
13:07:33,97.5,17,1
13:07:36,97.5,5,1
13:07:39,97.5,1,1
13:07:42,97.43,2,-1
13:07:48,97.42,4,-1
13:07:51,97.44,5,1
13:07:54,97.4,10,-1
13:07:57,97.4,1,-1
13:08:00,97.41,1,1
13:08:03,97.4,9,-1
13:08:27,97.47,1,1
13:08:30,97.48,2,1
13:08:33,97.49,1,1
13:08:42,97.5,23,1
13:08:45,97.43,2,-1
13:08:51,97.5,3,1
13:09:00,97.5,1,1
13:09:03,97.47,1,-1
13:09:09,97.45,3,-1
13:09:12,97.43,9,-1
13:09:18,97.44,1,-1
13:09:21,97.4,8,-1
13:09:24,97.41,7,1
13:09:27,97.39,3,-1
13:09:36,97.38,3,-1
13:09:39,97.37,1,-1
13:09:42,97.39,3,1
13:09:45,97.41,4,-1
13:09:48,97.41,2,-1
13:09:51,97.41,4,-1
13:09:54,97.41,1,-1
13:09:57,97.41,2,-1
13:10:00,97.31,1,1
13:10:03,97.41,1,1
13:10:09,97.38,1,-1
13:10:24,97.32,4,-1
13:10:33,97.3,7,-1
13:10:39,97.3,3,-1
13:10:42,97.29,1,-1
13:10:48,97.28,5,-1
13:10:51,97.27,1,-1
13:10:57,97.22,1,-1
13:11:00,97.21,7,-1
13:11:03,97.21,1,-1
13:11:06,97.2,8,-1
13:11:09,97.2,2,-1
13:11:15,97.21,1,1
13:11:18,97.21,1,-1
13:11:21,97.2,2,-1
13:11:24,97.21,7,1
13:11:27,97.19,5,-1
13:11:30,97.2,3,1
13:11:33,97.21,1,1
13:11:39,97.19,5,-1
13:11:45,97.19,10,-1
13:11:51,97.12,2,-1
13:11:54,97.1,4,-1
13:12:00,97.05,3,-1
13:12:03,97.0,71,-1
13:12:06,97.0,29,-1
13:12:09,97.01,5,1
13:12:12,96.96,56,-1
13:12:18,96.88,5,-1
13:12:21,96.88,2,-1
13:12:24,96.87,3,-1
13:12:27,96.69,6,-1
13:12:30,96.69,26,-1
13:12:33,96.71,4,1
13:12:36,96.68,26,-1
13:12:39,96.67,25,-1
13:12:42,96.67,8,-1
13:12:45,96.67,61,-1
13:12:48,96.6,42,-1
13:12:51,96.67,12,1
13:12:54,96.6,31,-1
13:12:57,96.64,16,1
13:13:00,96.58,20,-1
13:13:03,96.63,46,1
13:13:09,96.63,4,1
13:13:12,96.61,1,1
13:13:15,96.6,8,-1
13:13:18,96.63,14,1
13:13:21,96.55,2,-1
13:13:24,96.54,16,-1
13:13:27,96.61,1,1
13:13:30,96.61,11,1
13:13:33,96.54,10,-1
13:13:36,96.55,9,1
13:13:39,96.5,26,-1
13:13:42,96.46,30,-1
13:13:45,96.5,12,1
13:13:48,96.5,5,1
13:13:51,96.44,7,-1
13:13:54,96.5,39,1
13:14:00,96.52,1,-1
13:14:03,96.5,3,-1
13:14:06,96.52,2,1
13:14:09,96.52,8,1
13:14:12,96.6,14,1
13:14:15,96.61,32,1
13:14:21,96.61,4,1
13:14:24,96.61,4,-1
13:14:27,96.68,10,1
13:14:30,96.71,3,1
13:14:33,96.71,4,1
13:14:36,96.78,1,-1
13:14:39,96.8,1,-1
13:14:42,96.78,9,-1
13:14:48,96.78,1,1
13:14:51,96.78,2,1
13:14:57,96.71,12,-1
13:15:03,96.71,4,1
13:15:06,96.96,47,1
13:15:09,96.68,3,-1
13:15:12,96.71,1,1
13:15:15,96.71,1,-1
13:15:18,96.71,2,-1
13:15:27,96.6,15,-1
13:15:33,96.6,13,1
13:15:36,96.56,6,-1
13:15:39,96.6,15,1
13:15:42,96.68,15,1
13:15:45,96.66,14,-1
13:15:51,96.69,2,-1
13:15:57,96.68,12,-1
13:16:00,96.69,17,1
13:16:03,96.69,3,1
13:16:06,96.72,19,1
13:16:09,96.72,9,-1
13:16:12,96.72,1,-1
13:16:15,96.74,6,1
13:16:18,96.72,20,-1
13:16:21,96.72,2,1
13:16:24,96.72,1,1
13:16:27,96.72,38,1
13:16:30,96.69,4,-1
13:16:36,96.63,2,-1
13:16:39,96.69,1,1
13:16:42,96.61,1,-1
13:16:45,96.58,48,-1
13:16:48,96.58,12,1
13:16:51,96.6,7,1
13:16:54,96.6,2,-1
13:16:57,96.61,3,-1
13:17:00,96.6,10,-1
13:17:03,96.6,7,1
13:17:06,96.72,22,1
13:17:09,96.76,6,1
13:17:15,96.78,1,-1
13:17:18,96.77,11,-1
13:17:24,96.88,2,1
13:17:27,96.83,2,-1
13:17:36,96.85,1,1
13:17:42,96.85,1,1
13:17:48,96.8,7,-1
13:17:51,96.84,2,1
13:17:57,96.8,1,1
13:18:06,96.8,9,1
13:18:18,96.72,1,-1
13:18:21,96.7,7,1
13:18:24,96.7,8,1
13:18:27,96.67,5,-1
13:18:30,96.68,2,1
13:18:33,96.65,2,-1
13:18:36,96.7,4,1
13:18:39,96.69,1,-1
13:18:42,96.67,15,-1
13:18:45,96.8,18,1
13:18:48,96.7,7,-1
13:18:54,96.67,1,-1
13:18:57,96.66,6,-1
13:19:00,96.66,4,1
13:19:06,96.66,17,1
13:19:09,96.65,7,-1
13:19:12,96.65,2,-1
13:19:15,96.65,4,-1
13:19:18,96.69,78,1
13:19:21,96.65,2,-1
13:19:24,96.59,6,-1
13:19:27,96.59,5,1
13:19:30,96.65,28,1
13:19:33,96.59,4,-1
13:19:36,96.61,2,-1
13:19:39,96.66,4,-1
13:19:45,96.68,7,1
13:19:48,96.61,19,-1
13:19:51,96.68,21,1
13:19:54,96.68,12,1
13:20:00,96.68,4,1
13:20:03,96.75,8,1
13:20:06,96.84,11,1
13:20:09,96.85,3,1
13:20:12,96.85,1,1
13:20:15,96.85,1,1
13:20:21,96.88,2,1
13:20:24,96.88,15,-1
13:20:27,96.95,3,1
13:20:33,96.97,3,1
13:20:36,96.97,3,1
13:20:39,97.02,19,1
13:20:42,97.07,1,1
13:20:45,97.04,1,-1
13:20:48,97.04,1,-1
13:20:51,97.04,3,-1
13:20:54,97.1,2,1
13:20:57,97.12,4,1
13:21:00,97.21,3,1
13:21:03,97.17,5,-1
13:21:06,97.15,15,-1
13:21:09,97.15,1,-1
13:21:12,97.15,25,-1
13:21:15,97.17,1,1
13:21:21,97.15,5,-1
13:21:24,97.15,4,1
13:21:27,97.12,7,-1
13:21:30,97.12,1,-1
13:21:33,97.12,3,-1
13:21:36,97.11,1,-1
13:21:42,97.07,6,-1
13:21:45,97.05,2,-1
13:21:51,97.01,1,-1
13:21:54,97.05,1,1
13:21:57,97.0,4,-1
13:22:00,97.0,5,-1
13:22:06,97.0,2,-1
13:22:12,96.91,3,-1
13:22:18,96.91,2,-1
13:22:21,96.91,2,1
13:22:24,96.89,3,-1
13:22:27,96.9,1,1
13:22:30,96.9,1,1
13:22:33,96.51,41,-1
13:22:45,96.63,10,-1
13:22:51,96.8,1,1
13:22:54,96.88,12,1
13:23:00,96.88,12,-1
13:23:06,96.84,1,-1
13:23:09,96.83,12,-1
13:23:12,96.88,29,1
13:23:15,96.88,3,1
13:23:18,96.88,3,-1
13:23:21,96.92,5,1
13:23:24,96.88,7,-1
13:23:27,97.0,5,1
13:23:33,97.04,5,1
13:23:36,97.0,1,-1
13:23:42,97.05,3,1
13:23:48,97.01,4,-1
13:23:51,97.0,3,-1
13:24:00,97.0,7,-1
13:24:09,96.92,15,-1
13:24:24,96.94,1,-1
13:24:27,96.94,1,-1
13:24:33,96.93,1,-1
13:24:39,96.94,10,1
13:24:42,96.94,1,1
13:24:54,96.92,1,-1
13:25:03,96.93,16,1
13:25:09,96.93,1,1
13:25:12,96.92,18,-1
13:25:15,96.92,2,-1
13:25:18,96.93,10,1
13:25:21,96.92,1,1
13:25:24,96.92,2,1
13:25:27,96.88,1,-1
13:25:30,96.88,12,-1
13:25:36,96.88,5,1
13:25:54,96.74,3,-1
13:26:03,96.88,11,1
13:26:06,96.88,30,1
13:26:09,96.88,1,-1
13:26:12,96.92,12,1
13:26:15,96.92,1,1
13:26:18,96.94,31,1
13:26:21,96.96,1,1
13:26:24,97.0,29,1
13:26:27,97.0,5,1
13:26:30,97.0,10,1
13:26:33,97.0,1,1
13:26:36,97.05,13,1
13:26:39,96.97,16,-1
13:26:42,96.97,13,1
13:26:45,96.97,3,1
13:26:51,97.08,8,1
13:26:57,97.08,2,1
13:27:00,97.2,20,1
13:27:03,97.19,2,-1
13:27:06,97.11,3,-1
13:27:09,97.15,6,1
13:27:12,97.0,51,-1
13:27:21,96.99,1,-1
13:27:30,97.0,14,1
13:27:39,96.99,10,1
13:27:42,97.0,21,1
13:27:45,97.0,6,1
13:27:51,96.99,2,-1
13:27:54,97.0,13,1
13:27:57,97.0,2,1
13:28:03,97.0,1,1
13:28:06,97.0,18,1
13:28:09,96.98,2,-1
13:28:12,96.98,2,-1
13:28:18,96.97,5,-1
13:28:21,96.99,1,1
13:28:42,96.99,3,1
13:28:45,96.99,1,1
13:28:48,96.99,6,1
13:28:51,96.99,2,1
13:29:00,96.99,6,1
13:29:03,96.98,1,-1
13:29:06,96.98,1,-1
13:29:09,96.97,4,-1
13:29:12,96.98,11,1
13:29:15,96.97,7,-1
13:29:18,96.96,1,-1
13:29:21,96.92,8,-1
13:29:24,96.92,1,-1
13:29:27,96.8,12,-1
13:29:30,96.8,2,1
13:29:36,96.75,1,-1
13:29:39,96.8,1,1
13:29:42,96.64,3,-1
13:29:48,96.5,56,-1
13:29:57,96.4,63,-1
13:30:00,96.4,8,1
13:30:03,96.4,4,1
13:30:06,96.5,53,1
13:30:09,96.38,7,-1
13:30:12,96.38,8,1
13:30:15,96.39,18,1
13:30:18,96.5,1,1
13:30:21,96.5,3,1
13:30:24,96.41,11,-1
13:30:27,96.48,35,1
13:30:30,96.48,3,1
13:30:33,96.48,3,1
13:30:36,96.41,9,-1
13:30:39,96.41,5,1
13:30:42,96.5,8,1
13:30:45,96.8,50,1
13:30:51,96.8,7,1
13:30:54,96.56,1,-1
13:30:57,96.79,1,1
13:31:03,96.79,1,1
13:31:06,96.79,1,1
13:31:12,96.62,5,-1
13:31:15,96.62,2,1
13:31:24,96.62,7,1
13:31:27,96.79,3,1
13:31:30,96.63,2,-1
13:31:39,96.78,1,1
13:31:42,96.63,6,-1
13:31:45,96.0,398,-1
13:31:48,95.98,2,-1
13:31:51,96.0,23,1
13:31:54,95.99,11,-1
13:31:57,95.98,6,-1
13:32:00,95.98,8,1
13:32:03,95.97,5,1
13:32:06,95.9,18,-1
13:32:09,96.0,16,1
13:32:12,96.03,3,1
13:32:15,96.2,17,1
13:32:18,96.22,2,1
13:32:21,96.2,5,-1
13:32:24,96.22,11,-1
13:32:27,96.0,100,-1
13:32:30,96.06,3,1
13:32:42,96.25,5,-1
13:32:54,96.3,1,-1
13:32:57,96.26,10,-1
13:33:00,96.12,11,-1
13:33:06,96.29,1,1
13:33:12,96.0,65,-1
13:33:21,95.98,8,-1
13:33:24,96.0,2,1
13:33:27,95.98,5,-1
13:33:30,96.0,9,1
13:33:33,95.99,9,-1
13:33:36,95.98,4,-1
13:33:39,95.97,6,-1
13:33:42,95.97,2,1
13:33:45,95.97,6,1
13:33:48,95.93,4,-1
13:33:57,95.93,9,-1
13:34:00,95.93,2,1
13:34:03,95.91,6,-1
13:34:06,95.9,19,-1
13:34:09,95.89,1,-1
13:34:12,95.88,3,-1
13:34:15,95.88,18,-1
13:34:18,95.8,38,-1
13:34:21,95.82,8,1
13:34:24,95.82,11,1
13:34:27,95.8,8,-1
13:34:30,95.8,6,-1
13:34:33,95.8,19,1
13:34:36,95.8,24,1
13:34:39,95.8,9,1
13:34:42,95.82,11,1
13:34:45,95.8,10,-1
13:34:48,95.5,141,-1
13:34:51,95.5,26,1
13:34:54,95.5,29,1
13:34:57,95.5,25,-1
13:35:00,95.53,8,1
13:35:03,95.51,50,-1
13:35:06,95.51,42,1
13:35:09,95.51,20,1
13:35:12,95.5,47,-1
13:35:15,95.77,30,1
13:35:18,95.57,8,-1
13:35:21,95.8,8,1
13:35:24,95.62,10,-1
13:35:27,95.88,5,1
13:35:36,95.78,6,-1
13:35:39,95.78,24,1
13:35:42,95.77,11,-1
13:35:45,95.89,21,1
13:35:48,95.9,14,1
13:35:57,95.89,6,-1
13:36:00,95.88,11,-1
13:36:06,95.88,4,1
13:36:09,95.82,11,-1
13:36:12,95.82,3,-1
13:36:15,95.82,10,-1
13:36:18,95.82,1,-1
13:36:21,95.83,5,1
13:36:24,95.8,4,-1
13:36:27,95.8,7,-1
13:36:30,95.85,7,1
13:36:33,95.76,6,-1
13:36:39,95.7,51,-1
13:36:42,95.7,4,1
13:36:45,95.7,1,1
13:36:48,95.7,23,1
13:36:51,95.7,5,1
13:36:54,95.7,1,1
13:37:00,95.7,7,1
13:37:03,95.7,6,1
13:37:06,95.73,83,1
13:37:09,95.7,14,-1
13:37:12,95.74,3,1
13:37:15,95.48,365,-1
13:37:18,95.5,4,1
13:37:21,95.5,5,1
13:37:24,95.49,11,-1
13:37:27,95.5,13,1
13:37:30,95.5,9,1
13:37:33,95.5,1,1
13:37:36,95.5,66,1
13:37:39,95.5,17,1
13:37:42,95.5,9,1
13:37:45,95.48,21,-1
13:37:48,95.52,11,1
13:37:51,95.73,2,1
13:37:54,95.53,1,-1
13:38:03,95.72,1,1
13:38:06,95.8,5,1
13:38:09,95.56,7,-1
13:38:12,95.8,5,1
13:38:15,95.8,1,-1
13:38:18,95.82,3,1
13:38:21,95.8,17,-1
13:38:24,95.8,3,1
13:38:30,95.8,6,1
13:38:45,95.75,4,1
13:38:48,95.68,12,-1
13:38:51,95.82,39,1
13:38:54,95.5,73,-1
13:38:57,95.5,1,1
13:39:00,95.5,14,1
13:39:03,95.5,10,1
13:39:06,95.8,10,1
13:39:09,95.68,2,-1
13:39:12,95.8,2,1
13:39:21,95.8,4,1
13:39:24,95.76,17,-1
13:39:27,95.75,10,-1
13:39:30,95.53,21,-1
13:39:33,95.53,13,1
13:39:36,95.53,12,1
13:39:39,95.52,1,-1
13:39:42,95.52,2,1
13:39:45,95.52,7,1
13:39:48,95.52,23,-1
13:39:51,95.52,2,-1
13:39:54,95.52,4,-1
13:39:57,95.52,5,1
13:40:00,95.5,26,-1
13:40:03,95.5,2,1
13:40:06,95.5,11,1
13:40:09,95.49,28,-1
13:40:12,95.43,1,-1
13:40:15,95.4,47,-1
13:40:18,95.49,2,1
13:40:21,95.39,14,-1
13:40:24,95.39,24,1
13:40:27,95.38,1,-1
13:40:30,95.35,8,-1
13:40:33,95.38,4,1
13:40:36,95.38,23,-1
13:40:39,95.35,32,-1
13:40:42,95.34,30,-1
13:40:45,95.38,6,1
13:40:48,95.33,56,-1
13:40:51,95.37,67,1
13:40:54,95.33,2,-1
13:40:57,95.49,70,1
13:41:00,95.37,1,-1
13:41:03,95.34,9,-1
13:41:06,95.38,1,1
13:41:09,95.39,6,-1
13:41:12,95.49,5,1
13:41:15,95.49,2,1
13:41:21,95.49,6,1
13:41:24,95.49,8,1
13:41:27,95.52,21,1
13:41:30,95.52,12,1
13:41:33,95.52,4,1
13:41:39,95.53,332,1
13:41:42,95.79,3,1
13:41:45,95.55,3,-1
13:41:48,95.79,11,1
13:41:51,95.8,15,1
13:41:54,95.78,2,-1
13:42:00,95.78,3,1
13:42:03,95.62,24,-1
13:42:09,95.62,9,-1
13:42:12,95.65,14,1
13:42:15,95.65,1,-1
13:42:18,95.77,2,1
13:42:24,95.78,1,1
13:42:27,95.78,1,1
13:42:30,95.77,4,-1
13:42:39,95.78,19,1
13:42:42,95.77,15,-1
13:42:45,95.77,24,1
13:42:48,95.77,1,1
13:42:51,95.77,2,1
13:42:54,95.77,8,1
13:42:57,95.78,6,1
13:43:03,95.77,23,-1
13:43:06,95.77,7,1
13:43:09,95.77,9,1
13:43:18,95.74,2,-1
13:43:21,95.7,1,-1
13:43:24,95.71,39,1
13:43:27,95.7,16,-1
13:43:33,95.79,10,1
13:43:42,95.8,30,1
13:43:45,95.8,2,1
13:43:48,95.8,5,1
13:43:51,95.79,5,-1
13:43:54,95.8,14,1
13:43:57,95.69,14,-1
13:44:00,95.7,16,1
13:44:03,95.7,29,1
13:44:06,95.66,63,-1
13:44:09,95.66,10,1
13:44:15,95.66,16,1
13:44:18,95.68,49,1
13:44:21,95.65,3,-1
13:44:24,95.66,1,1
13:44:27,95.68,7,1
13:44:30,95.68,4,1
13:44:33,95.64,2,-1
13:44:36,95.7,12,1
13:44:39,95.65,5,-1
13:44:42,95.7,39,1
13:44:45,95.82,36,1
13:44:51,95.98,24,1
13:44:54,95.99,21,1
13:44:57,96.0,24,1
13:45:00,96.3,85,1
13:45:03,96.16,14,-1
13:45:06,96.45,8,1
13:45:09,96.45,2,1
13:45:12,96.6,34,1
13:45:15,96.7,8,1
13:45:18,96.84,10,1
13:45:21,96.86,38,1
13:45:24,96.98,18,1
13:45:27,96.98,14,1
13:45:30,96.98,14,1
13:45:33,97.0,22,1
13:45:36,97.0,14,1
13:45:39,97.0,31,1
13:45:42,97.15,3,1
13:45:45,97.29,23,1
13:45:48,97.4,24,1
13:45:51,97.48,22,1
13:45:54,97.42,55,-1
13:45:57,97.56,48,1
13:46:00,97.56,83,1
13:46:03,97.42,71,-1
13:46:06,96.88,93,-1
13:46:09,96.92,104,1
13:46:12,96.91,14,-1
13:46:15,96.92,5,1
13:46:18,96.54,19,-1
13:46:21,96.93,7,1
13:46:24,96.88,1,-1
13:46:27,96.88,5,-1
13:46:30,96.88,3,-1
13:46:33,97.29,10,1
13:46:36,96.88,41,-1
13:46:39,97.29,15,1
13:46:42,97.27,7,-1
13:46:45,97.19,5,-1
13:46:48,97.0,17,-1
13:46:51,97.19,27,1
13:46:54,97.19,12,-1
13:46:57,97.25,15,1
13:47:00,97.29,20,1
13:47:03,97.27,14,-1
13:47:06,97.2,32,-1
13:47:09,97.19,60,-1
13:47:12,97.0,33,-1
13:47:15,97.0,3,-1
13:47:18,97.0,3,-1
13:47:21,96.98,3,-1
13:47:24,96.98,9,-1
13:47:27,96.88,3,-1
13:47:30,96.87,4,-1
13:47:33,96.88,3,1
13:47:36,96.87,5,-1
13:47:39,96.89,10,1
13:47:42,96.89,2,-1
13:47:45,96.89,1,-1
13:47:54,96.87,9,-1
13:47:57,96.95,7,1
13:48:03,96.99,11,1
13:48:06,97.08,8,1
13:48:09,96.87,76,-1
13:48:12,96.85,3,-1
13:48:15,96.91,5,1
13:48:18,96.91,8,1
13:48:21,96.61,11,-1
13:48:24,96.61,2,1
13:48:27,96.91,16,1
13:48:30,96.9,1,1
13:48:39,96.86,30,-1
13:48:42,96.85,4,1
13:48:51,96.85,3,1
13:48:54,96.73,5,-1
13:48:57,96.7,8,-1
13:49:03,96.62,36,-1
13:49:09,96.59,10,-1
13:49:12,96.43,24,-1
13:49:21,96.41,10,1
13:49:24,96.54,6,1
13:49:27,96.16,19,-1
13:49:30,96.17,20,-1
13:49:36,96.32,32,1
13:49:39,96.54,18,1
13:49:42,96.54,2,1
13:49:45,96.54,4,1
13:49:48,96.61,9,1
13:49:51,96.62,3,1
13:49:54,96.73,13,1
13:49:57,96.89,26,1
13:50:00,96.89,2,1
13:50:03,96.9,7,1
13:50:06,97.0,23,1
13:50:09,97.0,7,1
13:50:12,96.98,26,-1
13:50:15,97.0,20,-1
13:50:18,97.02,35,-1
13:50:21,97.29,12,1
13:50:24,97.28,29,-1
13:50:27,97.32,70,1
13:50:30,97.2,54,-1
13:50:33,97.18,24,-1
13:50:36,97.02,5,-1
13:50:39,97.03,2,1
13:50:42,97.0,54,-1
13:50:45,96.9,13,-1
13:50:48,97.0,9,-1
13:50:51,97.0,2,1
13:50:54,97.01,23,1
13:50:57,96.74,5,-1
13:51:00,96.98,22,1
13:51:06,96.96,1,1
13:51:12,96.76,5,-1
13:51:15,96.73,10,-1
13:51:18,96.72,2,-1
13:51:21,96.73,6,1
13:51:30,96.74,3,-1
13:51:33,96.93,3,1
13:51:39,96.8,1,-1
13:51:42,96.91,5,1
13:51:45,96.89,17,-1
13:51:48,96.97,2,1
13:51:54,96.98,3,1
13:51:57,96.99,4,1
13:52:00,96.99,8,1
13:52:03,97.0,6,1
13:52:06,97.03,11,1
13:52:09,97.0,34,-1
13:52:12,97.19,26,1
13:52:15,97.17,21,-1
13:52:18,97.04,24,-1
13:52:21,97.04,3,-1
13:52:24,97.05,31,1
13:52:27,97.04,10,-1
13:52:30,96.98,21,-1
13:52:33,96.99,9,1
13:52:36,96.99,15,-1
13:52:39,96.99,5,-1
13:52:45,96.99,5,1
13:52:54,96.74,7,-1
13:52:57,96.75,1,1
13:53:00,96.98,12,1
13:53:03,96.58,1,-1
13:53:06,96.58,1,1
13:53:12,96.87,7,1
13:53:18,96.6,6,-1
13:53:30,96.85,3,1
13:53:33,96.85,21,1
13:53:48,96.82,1,-1
13:53:51,96.8,1,-1
13:53:54,96.67,3,-1
13:53:57,96.6,17,-1
13:54:00,96.58,11,-1
13:54:03,96.57,7,-1
13:54:09,96.59,6,1
13:54:12,96.56,3,-1
13:54:15,96.56,2,1
13:54:18,96.55,1,-1
13:54:21,96.56,1,1
13:54:24,96.5,10,-1
13:54:27,96.5,1,-1
13:54:39,96.4,3,-1
13:54:42,96.39,1,-1
13:54:48,96.39,3,1
13:54:51,96.38,1,-1
13:54:57,96.39,6,1
13:55:00,96.39,5,1
13:55:06,96.56,1,1
13:55:09,96.56,3,1
13:55:15,96.54,9,1
13:55:18,96.59,7,1
13:55:21,96.5,3,-1
13:55:24,96.59,6,1
13:55:27,96.65,15,1
13:55:33,96.65,5,1
13:55:36,96.82,9,1
13:55:39,96.83,1,1
13:55:45,96.81,2,1
13:55:48,96.81,2,1
13:55:51,96.81,1,1
13:55:54,96.82,15,1
13:55:57,96.82,12,1
13:56:00,96.81,7,-1
13:56:03,96.8,67,-1
13:56:06,97.0,196,1
13:56:09,97.0,18,-1
13:56:12,97.05,1,1
13:56:15,97.15,2,1
13:56:21,97.25,3,1
13:56:24,97.16,4,-1
13:56:27,97.15,2,-1
13:56:30,97.15,13,-1
13:56:33,97.14,13,-1
13:56:36,97.14,6,1
13:56:39,97.14,3,1
13:56:42,97.14,6,1
13:56:45,97.0,135,-1
13:56:48,97.03,110,1
13:56:51,97.01,17,-1
13:56:54,97.0,142,-1
13:56:57,96.99,3,1
13:57:06,96.99,20,1
13:57:36,96.88,1,1
13:57:39,96.88,2,1
13:57:48,96.85,4,1
13:57:54,96.85,5,1
13:57:57,96.76,1,-1
13:58:03,96.76,3,1
13:58:12,96.76,10,1
13:58:15,96.73,1,-1
13:58:18,96.73,6,1
13:58:21,96.75,1,1
13:58:30,96.75,7,1
13:58:33,96.76,5,1
13:58:39,97.0,50,1
13:58:42,96.76,1,1
13:58:48,97.0,2,1
13:58:51,96.88,12,-1
13:58:54,97.0,5,1
13:58:57,96.99,2,-1
13:59:00,97.06,2,1
13:59:03,97.07,5,1
13:59:06,96.99,3,-1
13:59:09,97.06,5,1
13:59:12,97.08,16,1
13:59:15,96.9,19,-1
13:59:18,96.9,12,1
13:59:21,96.9,1,1
13:59:24,96.9,3,1
13:59:27,96.9,2,1
13:59:30,96.9,4,1
13:59:33,96.9,13,1
13:59:39,96.9,9,1
13:59:48,96.9,3,1
13:59:51,96.9,11,1
13:59:54,96.9,4,1
13:59:57,96.9,1,1
14:00:00,96.9,3,1
14:00:03,96.89,5,-1
14:00:06,96.9,1,1
14:00:09,96.9,18,1
14:00:15,96.9,6,1
14:00:18,96.87,4,-1
14:00:21,96.87,1,1
14:00:24,96.82,2,-1
14:00:27,96.8,9,-1
14:00:30,96.88,8,1
14:00:33,96.89,1,1
14:00:39,96.89,2,1
14:00:42,96.89,3,1
14:00:48,96.82,3,-1
14:00:51,96.82,4,-1
14:00:54,96.8,10,-1
14:01:00,96.81,7,1
14:01:06,96.78,6,-1
14:01:12,96.81,1,1
14:01:15,96.81,1,1
14:01:18,96.82,5,1
14:01:21,96.86,8,1
14:01:24,96.86,6,1
14:01:27,96.89,21,1
14:01:30,96.9,5,1
14:01:33,97.04,26,1
14:01:36,97.09,51,1
14:01:39,97.12,6,1
14:01:42,97.15,8,1
14:01:45,97.25,11,1
14:01:48,97.26,7,1
14:01:51,97.3,10,1
14:01:54,97.38,56,1
14:01:57,97.37,8,1
14:02:00,97.37,107,1
14:02:03,97.4,7,1
14:02:06,97.5,26,1
14:02:09,97.46,21,-1
14:02:12,97.5,41,1
14:02:15,97.4,41,-1
14:02:18,97.5,22,1
14:02:21,97.5,18,-1
14:02:24,97.5,21,-1
14:02:27,97.31,1,-1
14:02:33,97.4,8,1
14:02:36,97.3,14,-1
14:02:39,97.3,7,1
14:02:42,97.3,3,1
14:02:45,97.27,1,-1
14:02:48,97.31,1,1
14:02:51,97.29,3,1
14:02:54,97.29,1,-1
14:02:57,97.3,1,1
14:03:00,97.13,11,-1
14:03:15,96.94,1,-1
14:03:18,97.2,2,1
14:03:27,97.18,1,1
14:03:30,97.2,3,1
14:03:33,97.2,2,1
14:03:42,97.19,1,-1
14:03:45,97.2,1,1
14:03:54,97.2,1,1
14:03:57,97.08,1,-1
14:04:03,97.07,5,-1
14:04:12,97.19,1,-1
14:04:21,97.2,5,1
14:04:24,97.2,4,-1
14:04:30,97.13,1,-1
14:04:33,97.2,7,1
14:04:36,97.29,7,1
14:04:42,97.24,3,1
14:04:45,97.24,2,1
14:04:48,97.24,7,-1
14:04:51,97.29,8,1
14:04:54,97.29,10,1
14:04:57,97.29,4,1
14:05:06,97.29,9,1
14:05:09,97.29,8,-1
14:05:12,97.29,12,-1
14:05:15,97.3,26,1
14:05:18,97.31,2,1
14:05:21,97.31,6,1
14:05:24,97.31,7,1
14:05:27,97.31,4,1
14:05:30,97.1,69,-1
14:05:33,97.1,1,1
14:05:36,97.1,5,1
14:05:42,97.1,23,1
14:05:48,97.09,5,-1
14:05:54,97.09,3,1
14:05:57,97.07,1,-1
14:06:00,97.09,5,1
14:06:09,97.03,9,-1
14:06:12,97.03,2,1
14:06:15,97.03,1,1
14:06:18,97.04,12,1
14:06:21,97.01,2,-1
14:06:24,97.04,12,1
14:06:27,97.04,5,-1
14:06:30,97.09,1,1
14:06:33,97.1,6,1
14:06:39,97.15,1,1
14:06:45,97.17,6,1
14:06:48,97.3,3,1
14:06:51,97.17,3,-1
14:06:54,97.31,7,1
14:07:00,97.39,7,1
14:07:03,97.49,5,1
14:07:06,97.4,3,-1
14:07:09,97.49,16,1
14:07:12,97.5,2,1
14:07:15,97.36,8,-1
14:07:18,97.48,3,1
14:07:21,97.48,7,-1
14:07:24,97.5,11,1
14:07:27,97.53,17,1
14:07:30,97.53,15,1
14:07:33,97.59,12,1
14:07:36,97.59,24,1
14:07:39,97.59,1,-1
14:07:42,97.62,6,1
14:07:45,97.58,22,-1
14:07:48,97.6,2,-1
14:07:51,97.6,17,-1
14:07:54,97.6,5,-1
14:07:57,97.59,8,-1
14:08:00,97.55,14,-1
14:08:03,97.55,6,1
14:08:06,97.47,11,-1
14:08:09,97.47,10,1
14:08:18,97.36,30,-1
14:08:21,97.36,7,-1
14:08:24,97.36,35,-1
14:08:27,97.36,2,1
14:08:33,97.36,1,1
14:08:39,97.35,2,1
14:08:42,97.36,1,-1
14:08:45,97.36,1,-1
14:08:48,97.36,1,-1
14:08:54,97.36,3,-1
14:08:57,97.36,5,-1
14:09:03,97.33,1,-1
14:09:12,97.33,1,1
14:09:18,97.25,1,-1
14:09:21,97.25,1,-1
14:09:24,97.25,3,-1
14:09:27,97.29,9,1
14:09:30,97.29,1,-1
14:09:33,97.25,15,-1
14:09:36,97.25,1,-1
14:09:39,97.29,2,1
14:09:45,97.23,1,-1
14:09:54,97.25,1,1
14:09:57,97.24,2,-1
14:10:00,97.23,1,-1
14:10:06,97.23,1,-1
14:10:09,97.22,1,-1
14:10:12,97.22,2,-1
14:10:15,97.22,2,1
14:10:18,97.21,1,-1
14:10:21,97.2,12,-1
14:10:24,97.2,5,-1
14:10:33,97.19,2,-1
14:10:42,97.15,3,-1
14:10:48,97.1,3,-1
14:10:51,97.1,6,-1
14:10:54,97.11,1,1
14:10:57,97.1,1,-1
14:11:00,97.1,2,-1
14:11:03,97.04,15,-1
14:11:06,97.0,8,-1
14:11:12,97.0,1,1
14:11:21,96.95,1,-1
14:11:27,96.89,26,-1
14:11:36,96.88,1,-1
14:11:42,96.81,4,-1
14:11:45,96.88,4,1
14:11:51,96.88,3,1
14:11:57,96.81,1,-1
14:12:00,96.81,1,1
14:12:03,96.81,1,1
14:12:06,96.8,2,-1
14:12:09,96.81,4,1
14:12:15,96.76,8,-1
14:12:18,96.75,2,-1
14:12:21,96.75,5,1
14:12:27,96.87,1,1
14:12:30,96.87,1,1
14:12:33,96.87,2,1
14:12:42,96.87,1,1
14:12:45,96.89,15,1
14:12:54,96.89,5,1
14:12:57,96.89,1,1
14:13:00,96.89,1,1
14:13:03,96.89,1,1
14:13:06,96.89,2,1
14:13:09,96.89,1,1
14:13:12,96.89,1,1
14:13:18,96.89,3,1
14:13:39,96.89,33,1
14:13:48,96.91,2,1
14:13:51,96.82,2,-1
14:13:57,97.0,23,1
14:14:00,96.82,1,-1
14:14:09,96.99,2,1
14:14:12,96.83,2,-1
14:14:15,96.99,2,1
14:14:27,96.99,2,1
14:14:30,96.99,2,1
14:14:33,97.0,9,1
14:14:42,96.99,2,-1
14:14:48,97.0,1,1
14:14:54,97.0,8,1
14:15:00,97.0,1,1
14:15:03,96.99,38,-1
14:15:06,97.17,43,1
14:15:09,97.0,3,-1
14:15:21,97.16,3,1
14:15:24,97.16,3,-1
14:15:27,97.17,2,1
14:15:30,97.01,2,-1
14:15:33,97.0,4,-1
14:15:42,97.0,6,-1
14:15:45,97.0,1,-1
14:15:48,97.01,26,1
14:15:57,97.04,1,-1
14:16:03,97.12,7,1
14:16:06,97.05,1,-1
14:16:12,97.1,4,1
14:16:18,97.06,4,-1
14:16:21,97.1,3,1
14:16:30,97.06,7,-1
14:16:33,97.06,8,-1
14:16:39,96.99,19,-1
14:16:42,96.86,3,-1
14:16:54,96.86,1,-1
14:16:57,96.84,1,-1
14:17:03,96.97,10,1
14:17:15,96.97,1,1
14:17:21,96.9,1,-1
14:17:24,96.85,15,-1
14:17:30,96.84,1,-1
14:17:33,96.82,16,-1
14:17:39,96.81,4,-1
14:17:45,96.81,2,1
14:17:57,96.79,4,-1
14:18:09,96.79,1,1
14:18:15,96.79,6,1
14:18:24,96.79,6,1
14:18:27,96.77,4,-1
14:18:33,96.77,2,-1
14:18:36,96.77,3,-1
14:18:39,96.76,5,-1
14:18:45,96.76,6,-1
14:18:51,96.76,6,-1
14:18:54,96.77,7,1
14:18:57,96.76,32,-1
14:19:00,96.75,4,-1
14:19:03,96.7,12,-1
14:19:06,96.71,1,-1
14:19:12,96.68,13,-1
14:19:15,96.68,45,-1
14:19:18,96.68,4,1
14:19:24,96.5,51,-1
14:19:30,96.5,3,1
14:19:39,96.48,1,-1
14:19:42,96.48,5,1
14:19:45,96.68,36,1
14:19:48,96.5,2,-1
14:19:51,96.51,5,-1
14:19:57,96.51,11,-1
14:20:03,96.51,18,1
14:20:06,96.51,2,1
14:20:24,96.55,1,-1
14:20:27,96.55,7,-1
14:20:45,96.57,2,-1
14:20:48,96.53,4,-1
14:21:03,96.68,2,1
14:21:09,96.72,2,1
14:21:12,96.75,10,1
14:21:21,96.75,6,1
14:21:24,96.76,13,1
14:21:27,96.76,11,1
14:21:30,96.76,7,1
14:21:36,96.75,16,-1
14:21:39,96.76,8,1
14:21:42,96.75,42,-1
14:21:45,96.99,2,1
14:21:51,97.01,17,1
14:21:54,97.01,2,-1
14:22:03,97.07,2,1
14:22:06,97.01,6,-1
14:22:09,97.01,2,-1
14:22:18,96.83,5,-1
14:22:27,97.0,4,1
14:22:30,96.99,1,1
14:22:36,96.98,1,1
14:22:45,96.83,4,-1
14:22:54,96.81,17,-1
14:23:00,96.81,2,1
14:23:03,96.75,5,-1
14:23:06,96.75,1,-1
14:23:09,96.79,5,1
14:23:15,96.75,3,-1
14:23:18,96.78,9,1
14:23:24,96.72,1,-1
14:23:27,96.75,3,1
14:23:33,96.76,2,1
14:23:36,96.76,3,1
14:23:39,96.82,40,1
14:23:42,96.78,1,-1
14:23:45,96.78,3,1
14:24:03,96.79,1,-1
14:24:12,96.79,1,-1
14:24:18,96.75,5,-1
14:24:27,96.65,1,-1
14:24:30,96.65,3,1
14:24:36,96.65,1,1
14:24:39,96.65,4,1
14:24:42,96.63,7,-1
14:24:48,96.66,1,-1
14:24:51,96.66,1,-1
14:24:54,96.65,9,-1
14:24:57,96.65,23,-1
14:25:03,96.65,2,1
14:25:09,96.64,6,1
14:25:12,96.55,3,-1
14:25:15,96.55,5,-1
14:25:18,96.65,36,1
14:25:27,96.66,1,-1
14:25:30,96.66,2,-1
14:25:39,96.65,5,-1
14:25:42,96.65,86,-1
14:25:54,96.6,7,-1
14:26:00,96.58,26,-1
14:26:03,96.65,10,1
14:26:06,96.65,31,1
14:26:12,96.65,19,1
14:26:15,96.65,3,1
14:26:18,96.62,3,-1
14:26:24,96.62,4,-1
14:26:30,96.63,1,1
14:26:33,96.66,36,1
14:26:36,96.95,7,1
14:26:39,96.95,3,1
14:26:45,96.94,4,-1
14:26:54,96.89,2,-1
14:27:03,96.9,1,-1
14:27:06,96.88,3,-1
14:27:21,96.7,4,-1
14:27:36,96.71,1,-1
14:27:42,96.71,3,-1
14:27:45,96.84,3,1
14:27:48,96.7,2,-1
14:27:57,96.75,17,1
14:28:00,96.83,5,1
14:28:09,96.74,1,-1
14:28:24,96.71,2,-1
14:28:33,96.81,4,1
14:28:45,96.72,7,-1
14:28:51,96.79,2,-1
14:29:00,96.81,3,1
14:29:03,97.0,97,1
14:29:06,97.0,1,-1
14:29:09,97.01,5,1
14:29:12,97.08,6,1
14:29:15,97.01,9,-1
14:29:18,97.01,2,-1
14:29:21,97.08,2,1
14:29:24,97.0,5,-1
14:29:27,97.13,14,1
14:29:30,97.16,1,1
14:29:33,97.13,10,-1
14:29:36,97.2,2,1
14:29:39,97.21,3,1
14:29:42,97.33,4,1
14:29:45,97.2,1,-1
14:29:48,97.33,1,1
14:29:51,97.35,6,1
14:29:54,97.4,7,1
14:29:57,97.42,1,1
14:30:00,97.5,9,1
14:30:03,97.6,4,1
14:30:06,97.6,12,-1
14:30:09,97.5,12,-1
14:30:12,97.01,22,-1
14:30:15,97.0,1,-1
14:30:21,97.02,2,1
14:30:24,97.02,8,-1
14:30:39,97.07,2,-1
14:30:45,97.06,4,-1
14:30:48,97.06,9,1
14:30:54,97.02,5,-1
14:30:57,97.05,10,1
14:31:00,97.01,3,-1
14:31:03,97.0,41,-1
14:31:06,97.0,57,-1
14:31:09,97.0,3,1
14:31:12,97.01,4,1
14:31:15,96.81,1,-1
14:31:18,96.8,1,-1
14:31:21,96.71,1,-1
14:31:30,96.81,1,1
14:31:33,96.81,11,1
14:31:36,96.73,1,-1
14:31:42,96.81,1,1
14:31:48,96.81,4,-1
14:32:00,96.82,1,-1
14:32:03,96.81,3,-1
14:32:09,96.81,2,-1
14:32:15,96.73,4,-1
14:32:18,96.7,3,-1
14:32:21,96.81,1,-1
14:32:24,96.99,4,1
14:32:27,96.81,10,-1
14:32:39,96.81,9,1
14:32:48,96.81,5,-1
14:32:54,96.86,1,1
14:33:03,96.86,1,1
14:33:09,96.7,24,-1
14:33:15,96.69,2,-1
14:33:18,96.7,3,1
14:33:21,96.9,14,1
14:33:24,96.9,3,-1
14:33:27,96.9,1,-1
14:33:45,96.71,9,-1
14:33:51,96.71,3,-1
14:33:57,96.72,7,-1
14:34:03,96.72,2,-1
14:34:09,96.71,35,-1
14:34:12,96.71,2,-1
14:34:15,96.73,8,1
14:34:18,96.73,5,1
14:34:21,96.73,1,1
14:34:27,96.71,11,-1
14:34:30,96.71,4,-1
14:34:39,96.72,35,-1
14:34:42,96.74,5,1
14:34:48,96.75,1,-1
14:34:57,96.77,2,-1
14:35:00,96.77,2,-1
14:35:03,96.8,1,-1
14:35:06,96.86,2,1
14:35:09,96.78,1,-1
14:35:12,96.91,1,1
14:35:21,96.78,2,-1
14:35:27,96.79,2,1
14:35:33,96.8,1,-1
14:35:36,96.9,2,1
14:35:39,96.78,9,-1
14:35:45,96.8,2,-1
14:35:48,96.77,12,-1
14:35:51,96.8,2,-1
14:35:54,96.8,2,-1
14:36:00,96.75,26,-1
14:36:03,96.75,32,-1
14:36:06,96.75,9,-1
14:36:09,96.75,5,-1
14:36:12,96.75,1,-1
14:36:15,96.75,5,-1
14:36:18,96.75,2,-1
14:36:21,96.78,2,1
14:36:33,96.79,2,1
14:36:36,96.78,52,-1
14:36:39,96.76,1,-1
14:36:42,96.75,8,-1
14:36:45,96.75,3,-1
14:36:48,96.75,2,-1
14:36:51,96.75,1,-1
14:36:54,96.71,20,-1
14:36:57,96.71,2,-1
14:37:00,96.66,21,-1
14:37:03,96.72,7,1
14:37:06,96.66,9,-1
14:37:09,96.66,37,1
14:37:12,96.65,4,-1
14:37:15,96.65,2,1
14:37:18,96.55,10,-1
14:37:21,96.45,28,-1
14:37:24,96.45,3,-1
14:37:27,96.4,4,-1
14:37:30,96.36,1,-1
14:37:33,96.1,49,-1
14:37:36,96.1,2,1
14:37:39,96.1,17,1
14:37:42,96.04,62,1
14:37:45,96.04,7,1
14:37:48,96.3,53,1
14:37:51,96.29,51,-1
14:37:54,96.28,6,1
14:37:57,96.06,4,1
14:38:00,96.05,2,-1
14:38:03,96.06,2,1
14:38:06,96.09,3,1
14:38:09,96.34,13,1
14:38:21,96.28,4,-1
14:38:24,96.34,3,1
14:38:27,96.34,8,-1
14:38:30,96.34,7,-1
14:38:36,96.35,1,-1
14:38:45,96.55,1,1
14:38:51,96.4,2,-1
14:39:00,96.4,1,-1
14:39:03,96.55,2,1
14:39:06,96.4,9,-1
14:39:09,96.4,9,-1
14:39:12,96.3,34,-1
14:39:18,96.41,1,1
14:39:21,96.4,2,-1
14:39:24,96.3,1,-1
14:39:27,96.39,1,1
14:39:33,96.32,6,-1
14:39:39,96.29,2,-1
14:39:42,96.28,1,-1
14:39:48,96.28,5,1
14:39:51,96.28,4,-1
14:39:54,96.29,2,1
14:39:57,96.3,1,1
14:40:00,96.3,13,1
14:40:03,96.3,1,1
14:40:06,96.29,16,-1
14:40:09,96.39,12,1
14:40:12,96.4,10,1
14:40:15,96.47,1,1
14:40:18,96.5,3,1
14:40:21,96.51,9,-1
14:40:24,96.51,3,-1
14:40:27,96.51,3,-1
14:40:30,96.54,12,1
14:40:33,96.54,49,1
14:40:36,96.59,10,1
14:40:42,96.6,23,1
14:40:48,96.65,1,1
14:40:51,96.65,2,1
14:40:54,96.66,12,1
14:40:57,96.6,33,-1
14:41:00,96.6,3,1
14:41:06,96.78,7,1
14:41:09,96.8,5,1
14:41:12,96.81,5,1
14:41:15,96.65,2,-1
14:41:21,96.76,4,1
14:41:24,96.65,11,-1
14:41:27,96.64,1,-1
14:41:30,96.62,2,-1
14:41:33,96.64,21,1
14:41:36,96.64,10,-1
14:41:39,96.64,1,-1
14:41:42,96.64,12,-1
14:41:45,96.61,5,-1
14:41:48,96.61,27,-1
14:41:54,96.4,2,-1
14:41:57,96.61,2,1
14:42:00,96.4,1,-1
14:42:03,96.61,1,1
14:42:06,96.5,1,-1
14:42:09,96.4,2,-1
14:42:15,96.6,9,1
14:42:18,96.42,5,-1
14:42:21,96.61,4,1
14:42:24,96.6,9,-1
14:42:27,96.61,38,1
14:42:51,96.57,1,1
14:42:57,96.56,2,1
14:43:00,96.45,2,-1
14:43:03,96.57,12,-1
14:43:06,96.6,21,1
14:43:09,96.57,3,-1
14:43:12,96.56,5,-1
14:43:18,96.56,3,1
14:43:24,96.47,2,-1
14:43:33,96.5,8,-1
14:43:39,96.47,1,-1
14:43:45,96.5,6,1
14:43:48,96.48,5,-1
14:43:51,96.5,2,-1
14:43:54,96.48,5,1
14:44:00,96.48,2,1
14:44:03,96.47,8,-1
14:44:09,96.48,9,1
14:44:12,96.45,4,-1
14:44:18,96.44,3,-1
14:44:24,96.42,31,-1
14:44:27,96.44,1,1
14:44:30,96.42,4,-1
14:44:33,96.4,3,-1
14:44:36,96.4,2,-1
14:44:39,96.4,2,-1
14:44:45,96.4,1,1
14:44:48,96.3,13,-1
14:44:54,96.26,2,-1
14:44:57,96.26,1,-1
14:45:00,96.26,8,-1
14:45:06,96.2,17,-1
14:45:09,96.16,3,-1
14:45:12,96.21,19,1
14:45:15,96.2,24,-1
14:45:18,96.2,5,1
14:45:21,96.3,6,1
14:45:24,96.2,5,-1
14:45:27,96.2,8,-1
14:45:30,96.21,48,1
14:45:33,96.3,1,1
14:45:36,96.26,10,1
14:45:39,96.31,4,1
14:45:45,96.39,8,1
14:45:48,96.33,2,-1
14:45:51,96.4,34,1
14:45:54,96.33,1,-1
14:45:57,96.4,2,1
14:46:00,96.4,4,-1
14:46:03,96.39,8,-1
14:46:12,96.4,10,1
14:46:15,96.33,17,-1
14:46:18,96.32,6,-1
14:46:21,96.32,3,-1
14:46:24,96.32,1,-1
14:46:30,96.17,20,-1
14:46:36,96.15,4,-1
14:46:39,96.1,35,-1
14:46:42,96.2,6,1
14:46:48,96.1,45,-1
14:46:51,96.1,11,1
14:46:54,96.1,10,1
14:46:57,96.08,4,-1
14:47:00,96.08,4,-1
14:47:03,96.09,42,1
14:47:06,96.08,12,1
14:47:09,96.3,48,1
14:47:12,96.12,19,-1
14:47:15,96.11,60,-1
14:47:18,96.11,14,-1
14:47:21,96.28,1,1
14:47:24,96.11,21,-1
14:47:27,96.11,1,-1
14:47:30,96.05,50,-1
14:47:42,96.11,14,-1
14:47:45,96.1,9,1
14:47:48,96.09,6,-1
14:47:51,96.09,33,-1
14:47:57,96.25,5,1
14:48:00,96.1,2,-1
14:48:03,96.1,1,-1
14:48:06,96.25,18,1
14:48:09,96.25,15,1
14:48:18,96.11,14,-1
14:48:24,96.12,5,-1
14:48:27,96.12,10,-1
14:48:36,96.12,3,-1
14:48:39,96.12,5,-1
14:48:45,96.12,13,-1
14:48:48,96.13,3,1
14:48:51,96.12,5,-1
14:48:54,96.13,1,1
14:48:57,96.2,10,1
14:49:00,96.15,2,-1
14:49:03,96.17,2,1
14:49:06,96.18,25,1
14:49:09,96.12,1,-1
14:49:12,96.17,7,-1
14:49:15,96.18,5,1
14:49:18,96.17,6,-1
14:49:21,96.12,51,-1
14:49:24,96.15,3,1
14:49:27,96.13,5,-1
14:49:30,96.07,37,-1
14:49:33,96.1,2,1
14:49:36,96.1,1,1
14:49:39,96.1,1,1
14:49:42,96.06,10,-1
14:49:45,96.07,37,1
14:49:48,96.12,16,1
14:49:51,96.21,71,1
14:49:54,96.2,11,-1
14:49:57,96.21,1,1
14:50:00,96.1,56,-1
14:50:03,96.19,21,1
14:50:06,96.21,12,1
14:50:09,96.21,1,1
14:50:12,96.19,14,1
14:50:18,96.19,7,-1
14:50:21,96.17,11,-1
14:50:27,96.17,1,1
14:50:30,96.17,7,1
14:50:33,96.18,1,-1
14:50:36,96.14,23,1
14:50:39,96.14,1,1
14:50:42,96.1,180,-1
14:50:45,96.1,2,1
14:50:51,96.1,12,1
14:50:54,96.09,6,-1
14:50:57,96.07,5,-1
14:51:00,96.06,4,-1
14:51:03,96.03,24,-1
14:51:06,96.05,10,1
14:51:09,96.02,38,-1
14:51:12,95.98,7,-1
14:51:15,95.9,12,-1
14:51:18,95.9,18,-1
14:51:21,95.88,23,-1
14:51:24,95.86,1,-1
14:51:27,95.87,7,1
14:51:30,95.9,48,1
14:51:33,95.82,5,-1
14:51:36,95.9,1,1
14:51:39,95.85,8,-1
14:51:42,95.9,2,-1
14:51:45,95.9,9,-1
14:51:48,95.9,6,-1
14:51:51,95.9,6,-1
14:51:54,95.86,12,-1
14:51:57,95.88,1,1
14:52:00,95.86,16,-1
14:52:03,95.9,4,1
14:52:06,96.02,64,1
14:52:09,95.93,20,-1
14:52:12,96.08,7,1
14:52:15,96.03,6,1
14:52:18,96.04,1,-1
14:52:21,96.05,26,1
14:52:24,96.08,22,1
14:52:27,96.08,15,1
14:52:30,96.08,10,1
14:52:33,96.08,5,1
14:52:36,96.07,4,1
14:52:39,96.0,42,-1
14:52:45,95.95,19,-1
14:52:48,96.07,8,1
14:52:51,96.02,6,-1
14:52:57,96.01,5,-1
14:53:00,95.98,7,-1
14:53:06,95.97,108,-1
14:53:09,95.98,2,1
14:53:15,95.98,18,-1
14:53:18,96.01,10,1
14:53:21,95.96,10,-1
14:53:24,95.95,7,-1
14:53:27,95.91,6,-1
14:53:30,95.91,1,-1
14:53:33,95.91,17,-1
14:53:36,95.91,1,1
14:53:39,95.91,6,-1
14:53:42,95.9,12,-1
14:53:45,95.85,16,-1
14:53:48,95.9,21,1
14:53:51,95.85,9,-1
14:53:54,95.82,2,-1
14:53:57,95.85,8,1
14:54:00,95.87,39,1
14:54:03,95.82,30,1
14:54:06,95.8,50,-1
14:54:09,95.94,26,1
14:54:12,95.98,27,1
14:54:15,95.94,29,-1
14:54:18,96.07,10,1
14:54:21,96.08,6,1
14:54:24,95.99,17,-1
14:54:27,96.05,2,1
14:54:30,95.98,21,-1
14:54:33,95.94,3,-1
14:54:36,95.98,42,1
14:54:39,95.94,2,-1
14:54:42,95.92,8,-1
14:54:45,95.92,11,-1
14:54:48,95.94,1,1
14:54:51,95.93,6,1
14:54:54,95.93,23,1
14:54:57,95.92,16,-1
14:55:00,95.92,15,-1
14:55:03,95.9,6,-1
14:55:06,95.9,8,-1
14:55:09,95.98,23,1
14:55:12,95.9,19,-1
14:55:15,96.0,51,1
14:55:18,96.04,2,1
14:55:21,96.0,25,-1
14:55:24,96.0,16,1
14:55:27,95.99,28,1
14:55:30,95.99,1,1
14:55:33,95.92,16,-1
14:55:36,95.91,3,-1
14:55:39,95.91,4,-1
14:55:42,95.89,6,-1
14:55:48,95.89,6,-1
14:55:51,95.8,48,-1
14:55:54,95.88,2,1
14:55:57,95.8,264,-1
14:56:00,95.8,2,1
14:56:03,95.56,13,-1
14:56:06,95.8,37,1
14:56:09,95.81,58,1
14:56:12,95.82,3,1
14:56:15,95.82,23,-1
14:56:18,95.82,133,-1
14:56:21,95.88,60,1
14:56:24,95.8,35,-1
14:56:27,95.8,28,-1
14:56:30,95.8,10,1
14:56:33,95.86,1,1
14:56:36,95.8,15,-1
14:56:39,95.8,22,-1
14:56:42,95.8,8,-1
14:56:45,95.7,8,-1
14:56:48,95.8,45,1
14:56:51,95.72,10,-1
14:56:54,95.8,28,1
14:56:57,95.8,13,1
14:57:00,95.7,19,-1
15:00:00,95.4,933,-1
15:05:00,95.4,2,-1
15:26:15,95.4,1,-1
